rank,transformed_feature,mean_absolute_shap_value
1,amount_global_24h_zscore,0.16921555393454954
2,C1,0.16920643959827833
3,amount_global_168h_zscore,0.15834594978533736
4,C13,0.1555735237672492
5,card1,0.14894930174980509
6,C5,0.13031776976614867
7,V70,0.13012690522056494
8,D1,0.1296119417135079
9,card6_target_encoded,0.12740365228185546
10,C14,0.12673875495331843
11,TransactionAmt,0.11132152429821728
12,amount_card1_168h_mean,0.10834777884892423
13,C2,0.1055686626453063
14,amount_global_1h_zscore,0.10357399235680864
15,V294,0.10192097116002583
16,history_addr1_transaction_count,0.09757579062283002
17,amount_global_168h_mean,0.09693167468333388
18,D4,0.09578352071235181
19,history_card1_transaction_count,0.09443954913165284
20,ProductCD_target_encoded,0.08453492634257914
21,velocity_global_60min,0.07870640994355994
22,card5,0.0776054306647085
23,V91,0.07143291012991193
24,velocity_global_1440min,0.07063681490935005
25,history_R_emaildomain_transaction_count,0.07061233725133362
26,history_DeviceInfo_transaction_count,0.0666078461894981
27,card2,0.06416041402601994
28,card4_target_encoded,0.06396660249014292
29,addr1,0.06393972333138398
30,amount_global_24h_std,0.06286806928385012
31,amount_card1_24h_std,0.062229331014013525
32,C11,0.05697189998363867
33,D15,0.05665136108200662
34,amount_global_1h_std,0.0564488902047313
35,P_emaildomain_target_encoded,0.05416330297178098
36,amount_card1_24h_zscore,0.054011058445251274
37,amount_global_24h_mean,0.05352812872712745
38,V30,0.051970615117317695
39,D10,0.04866867191264348
40,D3,0.04790586549623274
41,amount_card1_168h_zscore,0.04731703526724777
42,amount_global_168h_std,0.04481014209592368
43,amount_card1_24h_mean,0.04270004687701001
44,amount_card1_168h_std,0.040142071973268904
45,amount_global_1h_mean,0.03989214372977658
46,id_02,0.03960556629909093
47,D2,0.03908086835760851
48,dist1,0.03860231213640837
49,velocity_card1_1440min,0.03819520555861792
50,V258,0.03643126376237161
51,C6,0.035345815859180084
52,recency_card1_seconds,0.03308552775401153
53,V12,0.03188326684755337
54,missingindicator_V169,0.031154100571205896
55,V69,0.030410139880469703
56,velocity_global_5min,0.030377084922921203
57,V48,0.03026467283657145
58,V29,0.03020886633179523
59,C9,0.029844549125462413
60,card3,0.028802181111605905
61,missingindicator_id_17,0.028214495688858695
62,D13,0.02799489385405356
63,V303,0.027595854710164302
64,V76,0.027419505113843463
65,id_17,0.027415343162622625
66,V308,0.026226975126645707
67,V310,0.02527235014491537
68,V45,0.024523007172535694
69,D11,0.023516530188097556
70,missingindicator_amount_card1_1h_zscore,0.02327897332817565
71,D8,0.023057200890005392
72,V83,0.022830987906652923
73,V285,0.0224148831575706
74,missingindicator_id_05,0.02127906389102134
75,V317,0.019458125225912372
76,C10,0.01927283591764632
77,missingindicator_id_18,0.018843193791014887
78,id_20,0.018803133122006266
79,V102,0.018628956776038087
80,recency_global_seconds,0.0183931265513063
81,V283,0.01758847856041357
82,V127,0.017429608205871798
83,V312,0.017344181515923623
84,amount_card1_1h_std,0.017085573842271558
85,V49,0.017009357626932505
86,D6,0.016951199307858867
87,D5,0.01613952776734676
88,R_emaildomain_target_encoded,0.016029702390173237
89,V2,0.01581939619325753
90,V20,0.015585250199423235
91,V82,0.015308907371617749
92,V316,0.015073640716159053
93,V221,0.015000117601375425
94,id_19,0.014381969757417994
95,V38,0.014198720805508795
96,V288,0.014021536190098119
97,missingindicator_id_03,0.013166463580556472
98,V309,0.013123924695989737
99,V19,0.01281648538436233
100,V53,0.01231185637915149
101,V165,0.01216693472691867
102,C8,0.012119011892772705
103,V52,0.011806127104632951
104,C3,0.0112098696733974
105,V55,0.011203540421347592
106,D9,0.011059036130659027
107,V139,0.010971805317571024
108,missingindicator_D3,0.010676241989130657
109,amount_card1_1h_mean,0.010552504153281178
110,V33,0.010478666515527537
111,V152,0.010154226055119722
112,V75,0.010031802166458848
113,V13,0.010018993787607072
114,V133,0.009932152846402299
115,V293,0.009213899797174664
116,missingindicator_amount_card1_24h_zscore,0.00914399569959491
117,V282,0.00886883429299273
118,V34,0.00875042136436113
119,V187,0.008691650944316945
120,missingindicator_D14,0.008307089704220864
121,V307,0.008031517947717693
122,velocity_card1_60min,0.007845218222155673
123,V130,0.007840596324371838
124,amount_card1_1h_zscore,0.007813171814247056
125,missingindicator_id_13,0.007609338073356139
126,V321,0.007608389833479514
127,V96,0.007350702733109419
128,id_14,0.007304441125161006
129,velocity_card1_5min,0.006846058652179859
130,V54,0.0064852210692111995
131,V11,0.006465752517319485
132,V36,0.006420953649243415
133,V313,0.00637898244650939
134,missingindicator_D8,0.0060296098113866575
135,V203,0.00599934995139517
136,id_01,0.005970087584015653
137,D12,0.005962445498634256
138,V136,0.005924795327515085
139,id_06,0.005864188042094645
140,missingindicator_D2,0.005834850206806206
141,V90,0.005632985504426819
142,V315,0.005618162814760174
143,V10,0.005382592550058232
144,V95,0.00534885316166518
145,V105,0.005078099409583389
146,V264,0.005068325258968336
147,V131,0.004992447626969976
148,V126,0.00498964678517857
149,C4,0.004977136237973187
150,V281,0.004883118460502809
151,V291,0.004731243044586595
152,V23,0.004679254077141261
153,V314,0.0046097498952407615
154,V279,0.004558187643863299
155,V56,0.004521982676231371
156,C12,0.004503121893091268
157,V99,0.004491667788171904
158,V86,0.004350970372640297
159,V318,0.004327260581783363
160,V160,0.004106990064277964
161,V62,0.004029228583953752
162,V63,0.003974987541056734
163,id_13,0.0039049526584819297
164,id_05,0.003741737319197494
165,missingindicator_D5,0.003703219871571707
166,V4,0.0036960336305500263
167,id_18,0.0035152151562068573
168,V24,0.003483420023368033
169,V61,0.0032847852417224096
170,missingindicator_V53,0.0032664227005090025
171,V137,0.0032137160900399314
172,V35,0.0031829927813310614
173,V87,0.0031006996617476547
174,V73,0.003057939325457234
175,V296,0.003046137576438894
176,V323,0.0030372559033802248
177,V71,0.002990768761410539
178,V81,0.002934225850498907
179,V230,0.0028966128065555465
180,V290,0.002714983564379543
181,V64,0.0026013668717921245
182,V332,0.0025169023763815914
183,id_03,0.0024915615997787794
184,V143,0.002477023054068965
185,V289,0.0024356761514138458
186,V5,0.0023576914047494135
187,V150,0.0023379188349822106
188,V339,0.0022623400821189417
189,V44,0.0022186308415836366
190,V311,0.0021941978421909187
191,V189,0.0021740623664169524
192,V124,0.002170379006651698
193,V60,0.002121580612361693
194,V319,0.0021034633335881093
195,V57,0.002093192280627157
196,V7,0.0020105190287298086
197,V77,0.001952578250932084
198,V67,0.001951325499505461
199,V306,0.001932314384460041
200,D7,0.0019178376867955318
201,V218,0.0018936303274682664
202,V320,0.0018610796537158604
203,id_09,0.0018238128384216105
204,V257,0.0018163076589532432
205,missingindicator_D15,0.00171583441132924
206,V156,0.0016981428216642244
207,V184,0.0016752628516275322
208,id_11,0.001673422496122724
209,missingindicator_amount_card1_168h_std,0.0016425318291306613
210,V201,0.001638361373372256
211,V287,0.0016309389973534808
212,V159,0.0015901614190936128
213,V164,0.0015877717934758464
214,missingindicator_amount_card1_168h_zscore,0.0015301095556600488
215,V259,0.001517431582048535
216,missingindicator_is_new_DeviceInfo,0.0015120713689289187
217,V94,0.0014999276691081494
218,V145,0.0014525675685282335
219,missingindicator_dist2,0.0014364885460193043
220,V37,0.0013713860340027794
221,V72,0.0013588663217177367
222,V261,0.0013294365697299213
223,dist2,0.0013280175597438367
224,missingindicator_history_DeviceInfo_transaction_count,0.0013266767839247497
225,V169,0.0013258550201449546
226,V151,0.0013230478999272498
227,V217,0.0013129928604897546
228,V59,0.0012964612496692248
229,V224,0.0012345699672116973
230,V128,0.0012324191228013932
231,V280,0.0011407212928385684
232,V286,0.001125451299578243
233,V337,0.0011244049570715022
234,V43,0.0010969804090202946
235,V223,0.001087053789332133
236,V42,0.0010546889900256483
237,V129,0.0010307487724050676
238,V333,0.0010281787334110166
239,V222,0.001024311139201122
240,V273,0.0010182424340059429
241,V149,0.0010151222325856814
242,V276,0.0009527917425143527
243,V144,0.0009518690799004459
244,V215,0.0008929602062447009
245,V78,0.0008643836189862337
246,V177,0.0008570082754396152
247,V266,0.0008450447299109114
248,V66,0.00084341471836809
249,V335,0.0008422843885263426
250,V267,0.0008271433534536291
251,C7,0.0008099651876421385
252,V338,0.000803864105647889
253,D14,0.000792533474968044
254,V74,0.0007906267126933792
255,V50,0.0007727472510797779
256,missingindicator_V140,0.0007419937090554589
257,V180,0.0007364164921646153
258,V135,0.0007170953160106318
259,V229,0.0007031045731573717
260,missingindicator_V322,0.0006915238656402819
261,V297,0.000673074708426151
262,addr2,0.0006720308563227139
263,V243,0.0006450347367017602
264,V244,0.0006372617209178911
265,V208,0.0006302821802584785
266,V199,0.0006082056850714137
267,V26,0.0005989868781140566
268,V329,0.0005942131942996085
269,V205,0.0005847656346858705
270,missingindicator_addr2,0.0005846128814062023
271,V232,0.0005716591499566085
272,V134,0.0005653432872144087
273,missingindicator_addr1,0.0005546146864265352
274,missingindicator_D6,0.000546371677869234
275,V47,0.0005309193931343771
276,V300,0.0004727241248525617
277,missingindicator_V217,0.00047257766820583643
278,V238,0.0004725366421656209
279,V209,0.0004510245104463528
280,V3,0.0004499565150262921
281,V251,0.0004447006004834509
282,missingindicator_amount_card1_168h_mean,0.00044200608096131756
283,V301,0.0004403168379110276
284,V278,0.0004066808082195953
285,V326,0.0004029576039112874
286,V268,0.0004026487143983176
287,V250,0.00040190376395756074
288,V25,0.0004016677810602127
289,V330,0.0003979997184446461
290,missingindicator_card2,0.00039673566697182933
291,V40,0.0003940611780970456
292,V265,0.0003727315365048694
293,V108,0.000371487748393456
294,missingindicator_D4,0.00036741867235698253
295,V234,0.00036329116145579303
296,V132,0.00035236918961248083
297,V168,0.0003504354073680307
298,id_32,0.0003498054487061448
299,V142,0.00032866920369406256
300,V118,0.0003213540369737975
301,missingindicator_V220,0.0003164126704942891
302,V298,0.000313742923270138
303,V274,0.0003130783338728344
304,V141,0.000287676200593241
305,V253,0.0002852939567812745
306,V103,0.00028284611498075377
307,missingindicator_P_emaildomain_target_encoded,0.00026825613415962896
308,V233,0.0002643456369627463
309,V172,0.0002628107466301878
310,V235,0.0002610239154525905
311,V181,0.0002549722696248208
312,V167,0.0002530102966672247
313,V263,0.00024735263024736715
314,V299,0.00024558407378313355
315,V302,0.00023838304184097561
316,V262,0.00023236929413321413
317,V100,0.00022757638346299059
318,V176,0.00022728712701174713
319,V97,0.00022653627250972155
320,V225,0.00022322901172808096
321,V174,0.00022153339770560634
322,missingindicator_V35,0.000217798805338794
323,V228,0.0002160627854582827
324,V163,0.00021392727138646304
325,missingindicator_D7,0.00020984986232998348
326,V79,0.00020537872513677776
327,missingindicator_V138,0.00020459571374556747
328,V195,0.00020262956841802135
329,V188,0.00019810938780638276
330,V245,0.00019482730883232008
331,V324,0.00019372603237512653
332,missingindicator_D1,0.00019314118349924583
333,V158,0.00019169744243973305
334,V6,0.00018943757444084484
335,V210,0.00018843973657605426
336,V147,0.00018473700132116302
337,V331,0.00018460360267910246
338,missingindicator_id_04,0.0001807078473027803
339,V207,0.00016727761500142776
340,V248,0.0001648373275550588
341,V21,0.00016197241467889108
342,missingindicator_card5,0.00015819558342638912
343,V231,0.00015355631082481717
344,V178,0.00014660684130742417
345,missingindicator_id_02,0.00014520988165610984
346,V219,0.0001444082779409365
347,V277,0.0001406831076728433
348,V170,0.00013887594117608423
349,V101,0.00013708469388709743
350,V237,0.00013660195930069316
351,V220,0.00013363678287528854
352,V292,0.00013269026129361018
353,V175,0.00013202956272662043
354,V211,0.00012676868485799866
355,V173,0.00012552600624877989
356,missingindicator_history_R_emaildomain_transaction_count,0.00011740624850615862
357,V85,0.0001115371059146715
358,V226,0.00011076868918345968
359,V161,0.00010569421027321119
360,V51,9.671624766744451e-05
361,V212,9.620517320395445e-05
362,V182,9.488206803519424e-05
363,V121,8.961315083270998e-05
364,V46,8.90273493396816e-05
365,V336,8.885719792637973e-05
366,V325,8.287468506209548e-05
367,V327,8.047446378599847e-05
368,V256,7.504662030842175e-05
369,V202,7.189836627553447e-05
370,missingindicator_dist1,7.107740777509782e-05
371,V200,6.58589704318441e-05
372,V114,6.575967152230516e-05
373,V295,6.446331473160515e-05
374,V270,6.20812711414747e-05
375,V271,5.9629016854218285e-05
376,V236,5.609819608205066e-05
377,V15,5.347532217192933e-05
378,V322,5.219849564752081e-05
379,V148,4.8763322292825187e-05
380,V171,4.7587147180456675e-05
381,V157,3.8604113439098e-05
382,V227,3.4036489161430766e-05
383,V194,3.2159211535939246e-05
384,V123,3.189148149057287e-05
385,V284,2.7806140985805537e-05
386,V32,2.633332950575316e-05
387,V115,2.4810878136195176e-05
388,V140,2.295625300146639e-05
389,V112,2.2316121618263414e-05
390,V213,2.202661826901039e-05
391,V254,2.1559413807466613e-05
392,V204,1.903392912633716e-05
393,V260,1.8737593105994165e-05
394,V106,1.859113334678106e-05
395,V104,1.7385624758084287e-05
396,V198,1.7203716074116355e-05
397,V39,1.6985213430132655e-05
398,V242,1.5378064003423788e-05
399,V249,1.4955777604831383e-05
400,V246,1.4860650446265908e-05
401,V206,1.4743486260529605e-05
402,V304,1.4498816590756181e-05
403,V17,1.4212185450887513e-05
404,V162,1.3868762481957713e-05
405,missingindicator_V13,1.3590557196177544e-05
406,V146,9.496991124004124e-06
407,V186,7.079028813459446e-06
408,V190,6.609093331033358e-06
409,id_04,5.897542894526851e-06
410,V93,5.730803799815479e-06
411,V166,5.170226255431775e-06
412,V92,4.368846672587097e-06
413,id_10,3.992208790499717e-06
414,V84,3.84703118354082e-06
415,missingindicator_card3,3.77188006043434e-06
416,missingindicator_id_01,3.4659306632820515e-06
417,V16,3.1358909895643596e-06
418,V214,3.047613579779862e-06
419,V192,2.374539257492868e-06
420,missingindicator_ProductCD_target_encoded,2.2394480742514136e-06
421,missingindicator_V1,2.1402788390405484e-06
422,V247,2.032606065738946e-06
423,missingindicator_D13,1.9327248409390475e-06
424,V275,1.8524633616325447e-06
425,V58,1.6726468550041315e-06
426,missingindicator_amount_card1_24h_mean,6.563780531287196e-07
427,V8,4.986360473558306e-07
428,V255,3.780820779502392e-07
429,is_new_card1,3.7566350121051073e-07
430,V138,2.441567471250892e-07
431,V153,2.3024190356954927e-07
432,V216,1.820735028013587e-07
433,V98,1.3840365037322045e-07
434,V193,1.1563935619778932e-07
435,V107,0.0
436,V109,0.0
437,V110,0.0
438,V111,0.0
439,V113,0.0
440,V116,0.0
441,V117,0.0
442,V119,0.0
443,V120,0.0
444,V122,0.0
445,V125,0.0
446,V14,0.0
447,V154,0.0
448,V155,0.0
449,V179,0.0
450,V18,0.0
451,V183,0.0
452,V185,0.0
453,V191,0.0
454,V196,0.0
455,V197,0.0
456,V22,0.0
457,V239,0.0
458,V240,0.0
459,V241,0.0
460,V252,0.0
461,V269,0.0
462,V27,0.0
463,V272,0.0
464,V28,0.0
465,V305,0.0
466,V31,0.0
467,V328,0.0
468,V334,0.0
469,V41,0.0
470,V65,0.0
471,V68,0.0
472,V80,0.0
473,V88,0.0
474,V89,0.0
475,V9,0.0
476,id_34_match_status:-1,0.0
477,is_new_DeviceInfo,0.0
478,is_new_R_emaildomain,0.0
479,is_new_addr1,0.0
480,missingindicator_D10,0.0
481,missingindicator_D11,0.0
482,missingindicator_D12,0.0
483,missingindicator_D9,0.0
484,missingindicator_R_emaildomain_target_encoded,0.0
485,missingindicator_V10,0.0
486,missingindicator_V11,0.0
487,missingindicator_V12,0.0
488,missingindicator_V139,0.0
489,missingindicator_V14,0.0
490,missingindicator_V141,0.0
491,missingindicator_V142,0.0
492,missingindicator_V143,0.0
493,missingindicator_V144,0.0
494,missingindicator_V145,0.0
495,missingindicator_V146,0.0
496,missingindicator_V147,0.0
497,missingindicator_V148,0.0
498,missingindicator_V149,0.0
499,missingindicator_V15,0.0
500,missingindicator_V150,0.0
501,missingindicator_V151,0.0
502,missingindicator_V152,0.0
503,missingindicator_V153,0.0
504,missingindicator_V154,0.0
505,missingindicator_V155,0.0
506,missingindicator_V156,0.0
507,missingindicator_V157,0.0
508,missingindicator_V158,0.0
509,missingindicator_V159,0.0
510,missingindicator_V16,0.0
511,missingindicator_V160,0.0
512,missingindicator_V161,0.0
513,missingindicator_V162,0.0
514,missingindicator_V163,0.0
515,missingindicator_V164,0.0
516,missingindicator_V165,0.0
517,missingindicator_V166,0.0
518,missingindicator_V167,0.0
519,missingindicator_V168,0.0
520,missingindicator_V17,0.0
521,missingindicator_V170,0.0
522,missingindicator_V171,0.0
523,missingindicator_V172,0.0
524,missingindicator_V173,0.0
525,missingindicator_V174,0.0
526,missingindicator_V175,0.0
527,missingindicator_V176,0.0
528,missingindicator_V177,0.0
529,missingindicator_V178,0.0
530,missingindicator_V179,0.0
531,missingindicator_V18,0.0
532,missingindicator_V180,0.0
533,missingindicator_V181,0.0
534,missingindicator_V182,0.0
535,missingindicator_V183,0.0
536,missingindicator_V184,0.0
537,missingindicator_V185,0.0
538,missingindicator_V186,0.0
539,missingindicator_V187,0.0
540,missingindicator_V188,0.0
541,missingindicator_V189,0.0
542,missingindicator_V19,0.0
543,missingindicator_V190,0.0
544,missingindicator_V191,0.0
545,missingindicator_V192,0.0
546,missingindicator_V193,0.0
547,missingindicator_V194,0.0
548,missingindicator_V195,0.0
549,missingindicator_V196,0.0
550,missingindicator_V197,0.0
551,missingindicator_V198,0.0
552,missingindicator_V199,0.0
553,missingindicator_V2,0.0
554,missingindicator_V20,0.0
555,missingindicator_V200,0.0
556,missingindicator_V201,0.0
557,missingindicator_V202,0.0
558,missingindicator_V203,0.0
559,missingindicator_V204,0.0
560,missingindicator_V205,0.0
561,missingindicator_V206,0.0
562,missingindicator_V207,0.0
563,missingindicator_V208,0.0
564,missingindicator_V209,0.0
565,missingindicator_V21,0.0
566,missingindicator_V210,0.0
567,missingindicator_V211,0.0
568,missingindicator_V212,0.0
569,missingindicator_V213,0.0
570,missingindicator_V214,0.0
571,missingindicator_V215,0.0
572,missingindicator_V216,0.0
573,missingindicator_V218,0.0
574,missingindicator_V219,0.0
575,missingindicator_V22,0.0
576,missingindicator_V221,0.0
577,missingindicator_V222,0.0
578,missingindicator_V223,0.0
579,missingindicator_V224,0.0
580,missingindicator_V225,0.0
581,missingindicator_V226,0.0
582,missingindicator_V227,0.0
583,missingindicator_V228,0.0
584,missingindicator_V229,0.0
585,missingindicator_V23,0.0
586,missingindicator_V230,0.0
587,missingindicator_V231,0.0
588,missingindicator_V232,0.0
589,missingindicator_V233,0.0
590,missingindicator_V234,0.0
591,missingindicator_V235,0.0
592,missingindicator_V236,0.0
593,missingindicator_V237,0.0
594,missingindicator_V238,0.0
595,missingindicator_V239,0.0
596,missingindicator_V24,0.0
597,missingindicator_V240,0.0
598,missingindicator_V241,0.0
599,missingindicator_V242,0.0
600,missingindicator_V243,0.0
601,missingindicator_V244,0.0
602,missingindicator_V245,0.0
603,missingindicator_V246,0.0
604,missingindicator_V247,0.0
605,missingindicator_V248,0.0
606,missingindicator_V249,0.0
607,missingindicator_V25,0.0
608,missingindicator_V250,0.0
609,missingindicator_V251,0.0
610,missingindicator_V252,0.0
611,missingindicator_V253,0.0
612,missingindicator_V254,0.0
613,missingindicator_V255,0.0
614,missingindicator_V256,0.0
615,missingindicator_V257,0.0
616,missingindicator_V258,0.0
617,missingindicator_V259,0.0
618,missingindicator_V26,0.0
619,missingindicator_V260,0.0
620,missingindicator_V261,0.0
621,missingindicator_V262,0.0
622,missingindicator_V263,0.0
623,missingindicator_V264,0.0
624,missingindicator_V265,0.0
625,missingindicator_V266,0.0
626,missingindicator_V267,0.0
627,missingindicator_V268,0.0
628,missingindicator_V269,0.0
629,missingindicator_V27,0.0
630,missingindicator_V270,0.0
631,missingindicator_V271,0.0
632,missingindicator_V272,0.0
633,missingindicator_V273,0.0
634,missingindicator_V274,0.0
635,missingindicator_V275,0.0
636,missingindicator_V276,0.0
637,missingindicator_V277,0.0
638,missingindicator_V278,0.0
639,missingindicator_V279,0.0
640,missingindicator_V28,0.0
641,missingindicator_V280,0.0
642,missingindicator_V281,0.0
643,missingindicator_V282,0.0
644,missingindicator_V283,0.0
645,missingindicator_V284,0.0
646,missingindicator_V285,0.0
647,missingindicator_V286,0.0
648,missingindicator_V287,0.0
649,missingindicator_V288,0.0
650,missingindicator_V289,0.0
651,missingindicator_V29,0.0
652,missingindicator_V290,0.0
653,missingindicator_V291,0.0
654,missingindicator_V292,0.0
655,missingindicator_V293,0.0
656,missingindicator_V294,0.0
657,missingindicator_V295,0.0
658,missingindicator_V296,0.0
659,missingindicator_V297,0.0
660,missingindicator_V298,0.0
661,missingindicator_V299,0.0
662,missingindicator_V3,0.0
663,missingindicator_V30,0.0
664,missingindicator_V300,0.0
665,missingindicator_V301,0.0
666,missingindicator_V302,0.0
667,missingindicator_V303,0.0
668,missingindicator_V304,0.0
669,missingindicator_V305,0.0
670,missingindicator_V306,0.0
671,missingindicator_V307,0.0
672,missingindicator_V308,0.0
673,missingindicator_V309,0.0
674,missingindicator_V31,0.0
675,missingindicator_V310,0.0
676,missingindicator_V311,0.0
677,missingindicator_V312,0.0
678,missingindicator_V313,0.0
679,missingindicator_V314,0.0
680,missingindicator_V315,0.0
681,missingindicator_V316,0.0
682,missingindicator_V317,0.0
683,missingindicator_V318,0.0
684,missingindicator_V319,0.0
685,missingindicator_V32,0.0
686,missingindicator_V320,0.0
687,missingindicator_V321,0.0
688,missingindicator_V323,0.0
689,missingindicator_V324,0.0
690,missingindicator_V325,0.0
691,missingindicator_V326,0.0
692,missingindicator_V327,0.0
693,missingindicator_V328,0.0
694,missingindicator_V329,0.0
695,missingindicator_V33,0.0
696,missingindicator_V330,0.0
697,missingindicator_V331,0.0
698,missingindicator_V332,0.0
699,missingindicator_V333,0.0
700,missingindicator_V334,0.0
701,missingindicator_V335,0.0
702,missingindicator_V336,0.0
703,missingindicator_V337,0.0
704,missingindicator_V338,0.0
705,missingindicator_V339,0.0
706,missingindicator_V34,0.0
707,missingindicator_V36,0.0
708,missingindicator_V37,0.0
709,missingindicator_V38,0.0
710,missingindicator_V39,0.0
711,missingindicator_V4,0.0
712,missingindicator_V40,0.0
713,missingindicator_V41,0.0
714,missingindicator_V42,0.0
715,missingindicator_V43,0.0
716,missingindicator_V44,0.0
717,missingindicator_V45,0.0
718,missingindicator_V46,0.0
719,missingindicator_V47,0.0
720,missingindicator_V48,0.0
721,missingindicator_V49,0.0
722,missingindicator_V5,0.0
723,missingindicator_V50,0.0
724,missingindicator_V51,0.0
725,missingindicator_V52,0.0
726,missingindicator_V54,0.0
727,missingindicator_V55,0.0
728,missingindicator_V56,0.0
729,missingindicator_V57,0.0
730,missingindicator_V58,0.0
731,missingindicator_V59,0.0
732,missingindicator_V6,0.0
733,missingindicator_V60,0.0
734,missingindicator_V61,0.0
735,missingindicator_V62,0.0
736,missingindicator_V63,0.0
737,missingindicator_V64,0.0
738,missingindicator_V65,0.0
739,missingindicator_V66,0.0
740,missingindicator_V67,0.0
741,missingindicator_V68,0.0
742,missingindicator_V69,0.0
743,missingindicator_V7,0.0
744,missingindicator_V70,0.0
745,missingindicator_V71,0.0
746,missingindicator_V72,0.0
747,missingindicator_V73,0.0
748,missingindicator_V74,0.0
749,missingindicator_V75,0.0
750,missingindicator_V76,0.0
751,missingindicator_V77,0.0
752,missingindicator_V78,0.0
753,missingindicator_V79,0.0
754,missingindicator_V8,0.0
755,missingindicator_V80,0.0
756,missingindicator_V81,0.0
757,missingindicator_V82,0.0
758,missingindicator_V83,0.0
759,missingindicator_V84,0.0
760,missingindicator_V85,0.0
761,missingindicator_V86,0.0
762,missingindicator_V87,0.0
763,missingindicator_V88,0.0
764,missingindicator_V89,0.0
765,missingindicator_V9,0.0
766,missingindicator_V90,0.0
767,missingindicator_V91,0.0
768,missingindicator_V92,0.0
769,missingindicator_V93,0.0
770,missingindicator_V94,0.0
771,missingindicator_amount_card1_1h_mean,0.0
772,missingindicator_amount_card1_1h_std,0.0
773,missingindicator_amount_card1_24h_std,0.0
774,missingindicator_amount_global_168h_mean,0.0
775,missingindicator_amount_global_168h_std,0.0
776,missingindicator_amount_global_168h_zscore,0.0
777,missingindicator_amount_global_1h_mean,0.0
778,missingindicator_amount_global_1h_std,0.0
779,missingindicator_amount_global_1h_zscore,0.0
780,missingindicator_amount_global_24h_mean,0.0
781,missingindicator_amount_global_24h_std,0.0
782,missingindicator_amount_global_24h_zscore,0.0
783,missingindicator_card4_target_encoded,0.0
784,missingindicator_card6_target_encoded,0.0
785,missingindicator_history_addr1_transaction_count,0.0
786,missingindicator_id_06,0.0
787,missingindicator_id_09,0.0
788,missingindicator_id_10,0.0
789,missingindicator_id_11,0.0
790,missingindicator_id_14,0.0
791,missingindicator_id_19,0.0
792,missingindicator_id_20,0.0
793,missingindicator_id_32,0.0
794,missingindicator_is_new_R_emaildomain,0.0
795,missingindicator_is_new_addr1,0.0
796,missingindicator_recency_card1_seconds,0.0
797,missingindicator_recency_global_seconds,0.0
798,DeviceInfo_0PAJ5,0.0
799,DeviceInfo_0PJA2,0.0
800,DeviceInfo_0PM92,0.0
801,DeviceInfo_1016S,0.0
802,DeviceInfo_2PQ93,0.0
803,DeviceInfo_2PS64 Build/NRD90M,0.0
804,DeviceInfo_2PYB2,0.0
805,DeviceInfo_2PZC5,0.0
806,DeviceInfo_4003A,0.0
807,DeviceInfo_4013M Build/KOT49H,0.0
808,DeviceInfo_4027A Build/KOT49H,0.0
809,DeviceInfo_4034E,0.0
810,DeviceInfo_4034G,0.0
811,DeviceInfo_4047A Build/NRD90M,0.0
812,DeviceInfo_4047G Build/NRD90M,0.0
813,DeviceInfo_5010G Build/MRA58K,0.0
814,DeviceInfo_5010S Build/MRA58K,0.0
815,DeviceInfo_5011A Build/NRD90M,0.0
816,DeviceInfo_5012G Build/MRA58K,0.0
817,DeviceInfo_5015A Build/LMY47I,0.0
818,DeviceInfo_5017A,0.0
819,DeviceInfo_5025G Build/LMY47I,0.0
820,DeviceInfo_5042A,0.0
821,DeviceInfo_5045I,0.0
822,DeviceInfo_5049W Build/NRD90M,0.0
823,DeviceInfo_5051A Build/MMB29M,0.0
824,DeviceInfo_5054N,0.0
825,DeviceInfo_5054S Build/LMY47V,0.0
826,DeviceInfo_5056A Build/MMB29M,0.0
827,DeviceInfo_5056N,0.0
828,DeviceInfo_5057M,0.0
829,DeviceInfo_5080A Build/MRA58K,0.0
830,DeviceInfo_5085B Build/MRA58K,0.0
831,DeviceInfo_5095I Build/MRA58K,0.0
832,DeviceInfo_6039A Build/LRX22G,0.0
833,DeviceInfo_6045I Build/LRX22G,0.0
834,DeviceInfo_7048A Build/LRX22G,0.0
835,DeviceInfo_7055A Build/KVT49L,0.0
836,DeviceInfo_8050G Build/LMY47I,0.0
837,DeviceInfo_8062 Build/MRA58K,0.0
838,DeviceInfo_8080 Build/LRX21M,0.0
839,DeviceInfo_831C,0.0
840,DeviceInfo_9002A,0.0
841,DeviceInfo_9003A Build/MRA58K,0.0
842,DeviceInfo_9008A Build/NRD90M,0.0
843,DeviceInfo_9022X,0.0
844,DeviceInfo_916,0.0
845,DeviceInfo_9203A Build/MRA58K,0.0
846,DeviceInfo_A0001 Build/MHC19Q,0.0
847,DeviceInfo_A1-850,0.0
848,DeviceInfo_A1601 Build/LMY47I,0.0
849,DeviceInfo_A37f,0.0
850,DeviceInfo_A3_mini,0.0
851,DeviceInfo_A466BG,0.0
852,DeviceInfo_A5002,0.0
853,DeviceInfo_A50C+,0.0
854,DeviceInfo_A574BL Build/NMF26F,0.0
855,DeviceInfo_A621R,0.0
856,DeviceInfo_A9,0.0
857,DeviceInfo_A952,0.0
858,DeviceInfo_A96 Build/LMY47I,0.0
859,DeviceInfo_A97,0.0
860,DeviceInfo_AERIAL,0.0
861,DeviceInfo_ALCATEL,0.0
862,DeviceInfo_ALCATEL ONE TOUCH 5036A Build/JDQ39,0.0
863,DeviceInfo_ALCATEL ONE TOUCH 7040A Build/JDQ39,0.0
864,DeviceInfo_ALCATEL ONE TOUCH 7042A Build/JDQ39,0.0
865,DeviceInfo_ALCATEL ONE TOUCH 7047A Build/JDQ39,0.0
866,DeviceInfo_ALE-L21 Build/HuaweiALE-L21,0.0
867,DeviceInfo_ALE-L23 Build/HuaweiALE-L23,0.0
868,DeviceInfo_ALP-L09 Build/HUAWEIALP-L09,0.0
869,DeviceInfo_ALP-L09 Build/HUAWEIALP-L09S,0.0
870,DeviceInfo_ALTER,0.0
871,DeviceInfo_ALUMINI,0.0
872,DeviceInfo_AOC_U706G,0.0
873,DeviceInfo_ASTRO,0.0
874,DeviceInfo_ASUS,0.0
875,DeviceInfo_ASUS_P00J,0.0
876,DeviceInfo_ASUS_X008DC Build/NRD90M,0.0
877,DeviceInfo_ASUS_X00DD,0.0
878,DeviceInfo_ASUS_X00DDA,0.0
879,DeviceInfo_ASUS_X015D Build/NRD90M,0.0
880,DeviceInfo_ASUS_Z00AD Build/LRX21V,0.0
881,DeviceInfo_ASUS_Z00ED,0.0
882,DeviceInfo_ASUS_Z00UD,0.0
883,DeviceInfo_ASUS_Z017D,0.0
884,DeviceInfo_ASUS_Z017DA,0.0
885,DeviceInfo_ASUS_Z01BDA,0.0
886,DeviceInfo_ASUS_Z01KD,0.0
887,DeviceInfo_ATT,0.0
888,DeviceInfo_ATT-IE11,0.0
889,DeviceInfo_AX1070,0.0
890,DeviceInfo_AX820 Build/MRA58K,0.0
891,DeviceInfo_AX920,0.0
892,DeviceInfo_AX921 Build/MRA58K,0.0
893,DeviceInfo_Advance,0.0
894,DeviceInfo_Alcatel_4060A,0.0
895,DeviceInfo_Alcatel_4060O Build/MMB29M,0.0
896,DeviceInfo_Alcatel_5044R Build/NRD90M,0.0
897,DeviceInfo_Alcatel_5054O,0.0
898,DeviceInfo_Alcatel_5056O,0.0
899,DeviceInfo_Alcatel_5098O Build/MMB29M,0.0
900,DeviceInfo_Android,0.0
901,DeviceInfo_Android 4.4.2,0.0
902,DeviceInfo_Android 5.1,0.0
903,DeviceInfo_Android 5.1.1,0.0
904,DeviceInfo_Android 6.0,0.0
905,DeviceInfo_Android 6.0.1,0.0
906,DeviceInfo_Android 7.0,0.0
907,DeviceInfo_Aquaris,0.0
908,DeviceInfo_Aquaris U Plus Build/NMF26F,0.0
909,DeviceInfo_Aquaris V Build/N2G47H,0.0
910,DeviceInfo_Aquaris X5 Plus Build/NMF26F,0.0
911,DeviceInfo_Aquaris_A4.5,0.0
912,DeviceInfo_Archos,0.0
913,DeviceInfo_B1-790,0.0
914,DeviceInfo_B1-810,0.0
915,DeviceInfo_B3-A20,0.0
916,DeviceInfo_B3-A40,0.0
917,DeviceInfo_BAC-L03 Build/HUAWEIBAC-L03,0.0
918,DeviceInfo_BAH-L09 Build/HUAWEIBAH-L09,0.0
919,DeviceInfo_BBA100-1,0.0
920,DeviceInfo_BBA100-2,0.0
921,DeviceInfo_BBB100-1,0.0
922,DeviceInfo_BBB100-2,0.0
923,DeviceInfo_BBB100-3,0.0
924,DeviceInfo_BG2-W09,0.0
925,DeviceInfo_BLA-L09 Build/HUAWEIBLA-L09,0.0
926,DeviceInfo_BLA-L29 Build/HUAWEIBLA-L29,0.0
927,DeviceInfo_BLADE A520 Build/NRD90M,0.0
928,DeviceInfo_BLADE A602 Build/MRA58K,0.0
929,DeviceInfo_BLADE L7 Build/MRA58K,0.0
930,DeviceInfo_BLADE V7 Build/MRA58K,0.0
931,DeviceInfo_BLADE V8 Build/NRD90M,0.0
932,DeviceInfo_BLADE V8 SE Build/NRD90M,0.0
933,DeviceInfo_BLL-L23 Build/HUAWEIBLL-L23,0.0
934,DeviceInfo_BLN-L21 Build/HONORBLN-L21,0.0
935,DeviceInfo_BLN-L24 Build/HONORBLN-L24,0.0
936,DeviceInfo_BLU,0.0
937,DeviceInfo_BLU ENERGY X PLUS Build/LRX21M,0.0
938,DeviceInfo_BLU LIFE XL Build/L050U,0.0
939,DeviceInfo_BLU STUDIO C 5+5 Build/LRX21M,0.0
940,DeviceInfo_BND-L21 Build/HONORBND-L21,0.0
941,DeviceInfo_BNTV400,0.0
942,DeviceInfo_BOIE9,0.0
943,DeviceInfo_BV6000,0.0
944,DeviceInfo_BV7000,0.0
945,DeviceInfo_Beat,0.0
946,DeviceInfo_Blade,0.0
947,DeviceInfo_Blade A460 Build/LMY47O,0.0
948,DeviceInfo_Blade A465 Build/LMY47D,0.0
949,DeviceInfo_Blade A475 Build/LMY47D,0.0
950,DeviceInfo_Blade A510 Build/MRA58K,0.0
951,DeviceInfo_Blade L2 Plus Build/KOT49H,0.0
952,DeviceInfo_Blade L3 Build/KOT49H,0.0
953,DeviceInfo_Blade L5 Build/LMY47I,0.0
954,DeviceInfo_Blade V580 Build/LMY47D,0.0
955,DeviceInfo_Blade V6 Build/LRX22G,0.0
956,DeviceInfo_Blade V6 Max Build/MRA58K,0.0
957,DeviceInfo_Blade V6 Plus Build/MRA58K,0.0
958,DeviceInfo_Build/OPR6.170623.013,0.0
959,DeviceInfo_C1904,0.0
960,DeviceInfo_C2104,0.0
961,DeviceInfo_C6743 Build/LMY47V,0.0
962,DeviceInfo_C6903,0.0
963,DeviceInfo_C6906,0.0
964,DeviceInfo_C6906 Build/14.6.A.1.236,0.0
965,DeviceInfo_CAM-L03 Build/HUAWEICAM-L03,0.0
966,DeviceInfo_CAM-L23,0.0
967,DeviceInfo_CHC-U03 Build/HuaweiCHC-U03,0.0
968,DeviceInfo_COVET Build/NRD90M,0.0
969,DeviceInfo_CPH1701,0.0
970,DeviceInfo_CRO-L03 Build/HUAWEICRO-L03,0.0
971,DeviceInfo_Coolpad,0.0
972,DeviceInfo_D2306,0.0
973,DeviceInfo_D2306 Build/18.6.A.0.182,0.0
974,DeviceInfo_D5106,0.0
975,DeviceInfo_D5306,0.0
976,DeviceInfo_D5306 Build/19.4.A.0.182,0.0
977,DeviceInfo_D5316,0.0
978,DeviceInfo_D5316 Build/19.4.A.0.182,0.0
979,DeviceInfo_D5803 Build/23.5.A.1.291,0.0
980,DeviceInfo_D6503,0.0
981,DeviceInfo_D6603,0.0
982,DeviceInfo_D6603 Build/23.5.A.1.291,0.0
983,DeviceInfo_D6708,0.0
984,DeviceInfo_DLI-L22 Build/HONORDLI-L22,0.0
985,DeviceInfo_DT0704K08,0.0
986,DeviceInfo_DUK-AL20,0.0
987,DeviceInfo_Dash,0.0
988,DeviceInfo_E2006,0.0
989,DeviceInfo_E2104,0.0
990,DeviceInfo_E2104 Build/24.0.A.5.14,0.0
991,DeviceInfo_E2303,0.0
992,DeviceInfo_E2306 Build/26.1.A.3.111,0.0
993,DeviceInfo_E2306 Build/26.3.A.1.33,0.0
994,DeviceInfo_E5306 Build/27.3.A.0.129,0.0
995,DeviceInfo_E5306 Build/27.3.A.0.165,0.0
996,DeviceInfo_E5506,0.0
997,DeviceInfo_E5506 Build/29.1.A.0.101,0.0
998,DeviceInfo_E5506 Build/29.2.A.0.166,0.0
999,DeviceInfo_E5606,0.0
1000,DeviceInfo_E5606 Build/30.2.A.1.21,0.0
1001,DeviceInfo_E5803,0.0
1002,DeviceInfo_E5803 Build/32.4.A.1.54,0.0
1003,DeviceInfo_E5823,0.0
1004,DeviceInfo_E5823 Build/32.4.A.1.54,0.0
1005,DeviceInfo_E6553,0.0
1006,DeviceInfo_E6603,0.0
1007,DeviceInfo_E6603 Build/32.4.A.1.54,0.0
1008,DeviceInfo_E6633,0.0
1009,DeviceInfo_E6653 Build/32.4.A.1.54,0.0
1010,DeviceInfo_E6810,0.0
1011,DeviceInfo_E6810 Build/5.320VZ.03.r,0.0
1012,DeviceInfo_E6833,0.0
1013,DeviceInfo_E6853,0.0
1014,DeviceInfo_E6853 Build/32.4.A.1.54,0.0
1015,DeviceInfo_E8QP,0.0
1016,DeviceInfo_EGO,0.0
1017,DeviceInfo_EVA-L09 Build/HUAWEIEVA-L09,0.0
1018,DeviceInfo_EVA-L19 Build/HUAWEIEVA-L19,0.0
1019,DeviceInfo_Edison,0.0
1020,DeviceInfo_Energy X 2 Build/E050L,0.0
1021,DeviceInfo_F1f Build/LMY47V,0.0
1022,DeviceInfo_F3111 Build/33.3.A.1.97,0.0
1023,DeviceInfo_F3113,0.0
1024,DeviceInfo_F3113 Build/33.2.A.3.81,0.0
1025,DeviceInfo_F3113 Build/33.2.A.4.70,0.0
1026,DeviceInfo_F3113 Build/33.3.A.1.97,0.0
1027,DeviceInfo_F3213,0.0
1028,DeviceInfo_F3213 Build/36.0.A.2.146,0.0
1029,DeviceInfo_F3213 Build/36.1.A.1.86,0.0
1030,DeviceInfo_F3311,0.0
1031,DeviceInfo_F3313,0.0
1032,DeviceInfo_F3313 Build/37.0.A.2.108,0.0
1033,DeviceInfo_F3313 Build/37.0.A.2.248,0.0
1034,DeviceInfo_F5121,0.0
1035,DeviceInfo_F5121 Build/34.3.A.0.228,0.0
1036,DeviceInfo_F5121 Build/34.3.A.0.238,0.0
1037,DeviceInfo_F5121 Build/34.3.A.0.252,0.0
1038,DeviceInfo_F5321,0.0
1039,DeviceInfo_F5321 Build/34.2.A.2.47,0.0
1040,DeviceInfo_F5321 Build/34.3.A.0.238,0.0
1041,DeviceInfo_F80 PIABELLA Build/MRA58K,0.0
1042,DeviceInfo_F8331,0.0
1043,DeviceInfo_F8331 Build/41.2.A.7.76,0.0
1044,DeviceInfo_FIG-LX3 Build/HUAWEIFIG-LX3,0.0
1045,DeviceInfo_FP2,0.0
1046,DeviceInfo_FRD-L04 Build/HUAWEIFRD-L04,0.0
1047,DeviceInfo_FRD-L09 Build/HUAWEIFRD-L09,0.0
1048,DeviceInfo_FRD-L14 Build/HUAWEIFRD-L14,0.0
1049,DeviceInfo_FTJ152D,0.0
1050,DeviceInfo_Fractal,0.0
1051,DeviceInfo_G25524K,0.0
1052,DeviceInfo_G3123,0.0
1053,DeviceInfo_G3123 Build/40.0.A.6.135,0.0
1054,DeviceInfo_G3123 Build/40.0.A.6.189,0.0
1055,DeviceInfo_G3223,0.0
1056,DeviceInfo_G3223 Build/42.0.A.4.101,0.0
1057,DeviceInfo_G3223 Build/42.0.A.4.167,0.0
1058,DeviceInfo_G3313,0.0
1059,DeviceInfo_G3313 Build/43.0.A.5.79,0.0
1060,DeviceInfo_G3423,0.0
1061,DeviceInfo_G527-U081,0.0
1062,DeviceInfo_G620S-L03,0.0
1063,DeviceInfo_G8141,0.0
1064,DeviceInfo_G8141 Build/47.1.A.5.51,0.0
1065,DeviceInfo_G8341,0.0
1066,DeviceInfo_GRACE,0.0
1067,DeviceInfo_GT-I8190L Build/JZO54K,0.0
1068,DeviceInfo_GT-I8200N,0.0
1069,DeviceInfo_GT-I9060L Build/JDQ39,0.0
1070,DeviceInfo_GT-I9060M Build/KTU84P,0.0
1071,DeviceInfo_GT-I9195I,0.0
1072,DeviceInfo_GT-I9195L,0.0
1073,DeviceInfo_GT-I9300,0.0
1074,DeviceInfo_GT-I9500,0.0
1075,DeviceInfo_GT-I9505 Build/LRX22C,0.0
1076,DeviceInfo_GT-I9515,0.0
1077,DeviceInfo_GT-N5110,0.0
1078,DeviceInfo_GT-N5110 Build/JDQ39,0.0
1079,DeviceInfo_GT-N7100,0.0
1080,DeviceInfo_GT-N8000,0.0
1081,DeviceInfo_GT-P3100,0.0
1082,DeviceInfo_GT-P5110,0.0
1083,DeviceInfo_GT-P5113,0.0
1084,DeviceInfo_GT-P5210 Build/JDQ39,0.0
1085,DeviceInfo_GT-P5210 Build/KOT49H,0.0
1086,DeviceInfo_GT-S5310L,0.0
1087,DeviceInfo_GT-S7275B,0.0
1088,DeviceInfo_GT-S7390,0.0
1089,DeviceInfo_GT-S7580L Build/JDQ39,0.0
1090,DeviceInfo_Gigaset,0.0
1091,DeviceInfo_Grand,0.0
1092,DeviceInfo_Grand2c,0.0
1093,DeviceInfo_Gravity Build/NRD90M,0.0
1094,DeviceInfo_H1611,0.0
1095,DeviceInfo_H1711 Build/HUAWEIH1711,0.0
1096,DeviceInfo_H550,0.0
1097,DeviceInfo_HELIO,0.0
1098,DeviceInfo_HIGHWAY,0.0
1099,DeviceInfo_HP,0.0
1100,DeviceInfo_HT0701A16,0.0
1101,DeviceInfo_HT0703K16,0.0
1102,DeviceInfo_HTC,0.0
1103,DeviceInfo_HTC 10 Build/NRD90M,0.0
1104,DeviceInfo_HTC Desire 10 lifestyle Build/MMB29M,0.0
1105,DeviceInfo_HTC Desire 510 Build/KOT49H,0.0
1106,DeviceInfo_HTC Desire 526G Build/KOT49H,0.0
1107,DeviceInfo_HTC Desire 530 Build/MMB29M,0.0
1108,DeviceInfo_HTC Desire 626s Build/LMY47O,0.0
1109,DeviceInfo_HTC Desire 650 Build/MMB29M,0.0
1110,DeviceInfo_HTC One A9 Build/NRD90M,0.0
1111,DeviceInfo_HTC One A9s Build/MRA58K,0.0
1112,DeviceInfo_HTC One Build/LRX22G,0.0
1113,DeviceInfo_HTC One M9 Build/NRD90M,0.0
1114,DeviceInfo_HTC One mini Build/KOT49H,0.0
1115,DeviceInfo_HTC One_M8 Build/MRA58K,0.0
1116,DeviceInfo_HTC U11 Build/NMF26X,0.0
1117,DeviceInfo_HTC U11 Build/OPR6.170623.013,0.0
1118,DeviceInfo_HTC6500LVW,0.0
1119,DeviceInfo_HTC6525LVW,0.0
1120,DeviceInfo_HTC6535LVW,0.0
1121,DeviceInfo_HTC6545LVW,0.0
1122,DeviceInfo_HTCD160LVWPP,0.0
1123,DeviceInfo_HTC_D10i,0.0
1124,DeviceInfo_HTC_One_M8s/2.12.111.1,0.0
1125,DeviceInfo_HUAWEI,0.0
1126,DeviceInfo_HUAWEI Build/MMB28B,0.0
1127,DeviceInfo_HUAWEI CAN-L01 Build/HUAWEICAN-L01,0.0
1128,DeviceInfo_HUAWEI CAN-L11 Build/HUAWEICAN-L11,0.0
1129,DeviceInfo_HUAWEI CUN-L03 Build/HUAWEICUN-L03,0.0
1130,DeviceInfo_HUAWEI G7-L03 Build/HuaweiG7-L03,0.0
1131,DeviceInfo_HUAWEI GRA-L09 Build/HUAWEIGRA-L09,0.0
1132,DeviceInfo_HUAWEI LUA-U23 Build/HUAWEILUA-U23,0.0
1133,DeviceInfo_HUAWEI LYO-L21 Build/HUAWEILYO-L21,0.0
1134,DeviceInfo_HUAWEI M2-801W Build/HUAWEIM2-801W,0.0
1135,DeviceInfo_HUAWEI NXT-L09 Build/HUAWEINXT-L09,0.0
1136,DeviceInfo_HUAWEI RIO-L03 Build/HUAWEIRIO-L03,0.0
1137,DeviceInfo_HUAWEI TAG-L13 Build/HUAWEITAG-L13,0.0
1138,DeviceInfo_HUAWEI VNS-L21 Build/HUAWEIVNS-L21,0.0
1139,DeviceInfo_HUAWEI VNS-L23 Build/HUAWEIVNS-L23,0.0
1140,DeviceInfo_HUAWEI VNS-L31 Build/HUAWEIVNS-L31,0.0
1141,DeviceInfo_HUAWEI VNS-L53 Build/HUAWEIVNS-L53,0.0
1142,DeviceInfo_HUAWEI Y360-U23 Build/HUAWEIY360-U23,0.0
1143,DeviceInfo_HUAWEI Y520-U03 Build/HUAWEIY520-U03,0.0
1144,DeviceInfo_HUAWEI Y560-L03 Build/HUAWEIY560-L03,0.0
1145,DeviceInfo_HUAWEI Y625-U13 Build/HUAWEIY625-U13,0.0
1146,DeviceInfo_Helix,0.0
1147,DeviceInfo_Hisense,0.0
1148,DeviceInfo_Hisense F102 Build/NRD90M,0.0
1149,DeviceInfo_Hisense F20 Build/MMB29M,0.0
1150,DeviceInfo_Hisense F23 Build/NRD90M,0.0
1151,DeviceInfo_Hisense F32 Build/NMF26F,0.0
1152,DeviceInfo_Hisense L675 Build/MRA58K,0.0
1153,DeviceInfo_Hisense L675 PRO Build/NRD90M,0.0
1154,DeviceInfo_Hisense T963 Build/MRA58K,0.0
1155,DeviceInfo_Hisense U963 Build/MRA58K,0.0
1156,DeviceInfo_ICON,0.0
1157,DeviceInfo_ILIUM,0.0
1158,DeviceInfo_IdeaTab,0.0
1159,DeviceInfo_IdeaTabA1000-F,0.0
1160,DeviceInfo_IdeaTabA2109A,0.0
1161,DeviceInfo_Ilium,0.0
1162,DeviceInfo_Ilium L1000 Build/LRX22G,0.0
1163,DeviceInfo_Ilium L1120 Build/NRD90M,0.0
1164,DeviceInfo_Ilium L610 Build/MRA58K,0.0
1165,DeviceInfo_Ilium L620 Build/NRD90M,0.0
1166,DeviceInfo_Ilium L910 Build/MRA58K,0.0
1167,DeviceInfo_Ilium L950 Build/KTU84P,0.0
1168,DeviceInfo_Ilium LT500 Build/LMY47O,0.0
1169,DeviceInfo_Ilium LT510 Build/MRA58K,0.0
1170,DeviceInfo_Ilium LT520 Build/NRD90M,0.0
1171,DeviceInfo_Ilium Pad T7X Build/LMY47I,0.0
1172,DeviceInfo_Ilium X210 Build/LMY47I,0.0
1173,DeviceInfo_Ilium X220 Build/MRA58K,0.0
1174,DeviceInfo_Ilium X510 Build/MRA58K,0.0
1175,DeviceInfo_Ilium X520 Build/NRD90M,0.0
1176,DeviceInfo_Ilium X710 Build/MRA58K,0.0
1177,DeviceInfo_Infinit,0.0
1178,DeviceInfo_Infinix,0.0
1179,DeviceInfo_Intel,0.0
1180,DeviceInfo_Joy,0.0
1181,DeviceInfo_K10,0.0
1182,DeviceInfo_K88,0.0
1183,DeviceInfo_K88 Build/MMB29M,0.0
1184,DeviceInfo_K90U,0.0
1185,DeviceInfo_K92,0.0
1186,DeviceInfo_KFAPWI Build/KTU84M,0.0
1187,DeviceInfo_KFASWI Build/LVY48F,0.0
1188,DeviceInfo_KFAUWI Build/LVY48F,0.0
1189,DeviceInfo_KFDOWI Build/LVY48F,0.0
1190,DeviceInfo_KFFOWI Build/LVY48F,0.0
1191,DeviceInfo_KFGIWI Build/LVY48F,0.0
1192,DeviceInfo_KFJWI,0.0
1193,DeviceInfo_KFMEWI,0.0
1194,DeviceInfo_KFSAWI,0.0
1195,DeviceInfo_KFSOWI,0.0
1196,DeviceInfo_KFSUWI Build/LVY48F,0.0
1197,DeviceInfo_KFTBWI Build/LVY48F,0.0
1198,DeviceInfo_KFTHWI Build/KTU84M,0.0
1199,DeviceInfo_KFTT Build/IML74K,0.0
1200,DeviceInfo_KIW-L24,0.0
1201,DeviceInfo_KYOCERA-C6742A Build/LMY47V,0.0
1202,DeviceInfo_KYY22,0.0
1203,DeviceInfo_LAVA_A3,0.0
1204,DeviceInfo_LEX829,0.0
1205,DeviceInfo_LG-D213,0.0
1206,DeviceInfo_LG-D320,0.0
1207,DeviceInfo_LG-D320 Build/KOT49I.V10a,0.0
1208,DeviceInfo_LG-D331,0.0
1209,DeviceInfo_LG-D331 Build/LRX22G,0.0
1210,DeviceInfo_LG-D373 Build/KOT49I.V10a,0.0
1211,DeviceInfo_LG-D400,0.0
1212,DeviceInfo_LG-D625,0.0
1213,DeviceInfo_LG-D680,0.0
1214,DeviceInfo_LG-D680 Build/KOT49I,0.0
1215,DeviceInfo_LG-D681,0.0
1216,DeviceInfo_LG-D693n,0.0
1217,DeviceInfo_LG-D693n Build/KOT49I.V10a,0.0
1218,DeviceInfo_LG-D693n Build/LRX22G,0.0
1219,DeviceInfo_LG-D722,0.0
1220,DeviceInfo_LG-D725,0.0
1221,DeviceInfo_LG-D802,0.0
1222,DeviceInfo_LG-D850,0.0
1223,DeviceInfo_LG-D851,0.0
1224,DeviceInfo_LG-D855,0.0
1225,DeviceInfo_LG-D855 Build/LRX21R,0.0
1226,DeviceInfo_LG-D959,0.0
1227,DeviceInfo_LG-E450f,0.0
1228,DeviceInfo_LG-E980h,0.0
1229,DeviceInfo_LG-F400K,0.0
1230,DeviceInfo_LG-H221,0.0
1231,DeviceInfo_LG-H320 Build/LRX21Y,0.0
1232,DeviceInfo_LG-H340AR,0.0
1233,DeviceInfo_LG-H343,0.0
1234,DeviceInfo_LG-H345,0.0
1235,DeviceInfo_LG-H420 Build/LRX21Y,0.0
1236,DeviceInfo_LG-H443/H44312g,0.0
1237,DeviceInfo_LG-H500 Build/LRX21Y,0.0
1238,DeviceInfo_LG-H520,0.0
1239,DeviceInfo_LG-H525n Build/MRA58K,0.0
1240,DeviceInfo_LG-H540,0.0
1241,DeviceInfo_LG-H542 Build/LRX22G,0.0
1242,DeviceInfo_LG-H542 Build/MRA58K,0.0
1243,DeviceInfo_LG-H631,0.0
1244,DeviceInfo_LG-H650 Build/LMY47V,0.0
1245,DeviceInfo_LG-H650 Build/MRA58K,0.0
1246,DeviceInfo_LG-H700 Build/NRD90U,0.0
1247,DeviceInfo_LG-H735 Build/LMY47V,0.0
1248,DeviceInfo_LG-H810,0.0
1249,DeviceInfo_LG-H810/H81021z,0.0
1250,DeviceInfo_LG-H810/H81022f,0.0
1251,DeviceInfo_LG-H811 Build/MRA58K,0.0
1252,DeviceInfo_LG-H812,0.0
1253,DeviceInfo_LG-H815,0.0
1254,DeviceInfo_LG-H815 Build/MRA58K,0.0
1255,DeviceInfo_LG-H820 Build/NRD90U,0.0
1256,DeviceInfo_LG-H830,0.0
1257,DeviceInfo_LG-H830 Build/NRD90U,0.0
1258,DeviceInfo_LG-H831 Build/NRD90U,0.0
1259,DeviceInfo_LG-H840 Build/MMB29M,0.0
1260,DeviceInfo_LG-H840 Build/NRD90U,0.0
1261,DeviceInfo_LG-H850,0.0
1262,DeviceInfo_LG-H850 Build/MMB29M,0.0
1263,DeviceInfo_LG-H870 Build/NRD90U,0.0
1264,DeviceInfo_LG-H870DS Build/NRD90U,0.0
1265,DeviceInfo_LG-H871,0.0
1266,DeviceInfo_LG-H872 Build/NRD90U,0.0
1267,DeviceInfo_LG-H900/H90022b,0.0
1268,DeviceInfo_LG-H901,0.0
1269,DeviceInfo_LG-H910 Build/NRD90M,0.0
1270,DeviceInfo_LG-H918 Build/NRD90M,0.0
1271,DeviceInfo_LG-H931,0.0
1272,DeviceInfo_LG-H932,0.0
1273,DeviceInfo_LG-H960,0.0
1274,DeviceInfo_LG-H990 Build/NRD90M,0.0
1275,DeviceInfo_LG-K200 Build/MXB48T,0.0
1276,DeviceInfo_LG-K220 Build/MXB48T,0.0
1277,DeviceInfo_LG-K240 Build/MXB48T,0.0
1278,DeviceInfo_LG-K330,0.0
1279,DeviceInfo_LG-K371,0.0
1280,DeviceInfo_LG-K373,0.0
1281,DeviceInfo_LG-K410 Build/LRX22G,0.0
1282,DeviceInfo_LG-K420,0.0
1283,DeviceInfo_LG-K428 Build/MMB29M,0.0
1284,DeviceInfo_LG-K428 Build/NRD90U,0.0
1285,DeviceInfo_LG-K430 Build/MRA58K,0.0
1286,DeviceInfo_LG-K450 Build/MXB48T,0.0
1287,DeviceInfo_LG-K500 Build/MMB29M,0.0
1288,DeviceInfo_LG-K530 Build/MMB29M,0.0
1289,DeviceInfo_LG-K530 Build/NRD90U,0.0
1290,DeviceInfo_LG-K540 Build/MMB29M,0.0
1291,DeviceInfo_LG-K550,0.0
1292,DeviceInfo_LG-K550 Build/NRD90U,0.0
1293,DeviceInfo_LG-K580 Build/MRA58K,0.0
1294,DeviceInfo_LG-LK460,0.0
1295,DeviceInfo_LG-LS777 Build/NRD90U,0.0
1296,DeviceInfo_LG-LS993 Build/NRD90U,0.0
1297,DeviceInfo_LG-LS995,0.0
1298,DeviceInfo_LG-LS997 Build/NRD90M,0.0
1299,DeviceInfo_LG-LS998,0.0
1300,DeviceInfo_LG-M150,0.0
1301,DeviceInfo_LG-M153 Build/MXB48T,0.0
1302,DeviceInfo_LG-M154,0.0
1303,DeviceInfo_LG-M210 Build/NRD90U,0.0
1304,DeviceInfo_LG-M250 Build/NRD90U,0.0
1305,DeviceInfo_LG-M255,0.0
1306,DeviceInfo_LG-M257,0.0
1307,DeviceInfo_LG-M320 Build/NRD90U,0.0
1308,DeviceInfo_LG-M322,0.0
1309,DeviceInfo_LG-M327 Build/NRD90U,0.0
1310,DeviceInfo_LG-M400 Build/NRD90U,0.0
1311,DeviceInfo_LG-M430 Build/NRD90U,0.0
1312,DeviceInfo_LG-M700 Build/NMF26X,0.0
1313,DeviceInfo_LG-M710 Build/NRD90U,0.0
1314,DeviceInfo_LG-P708g,0.0
1315,DeviceInfo_LG-P714,0.0
1316,DeviceInfo_LG-SP200,0.0
1317,DeviceInfo_LG-SP320,0.0
1318,DeviceInfo_LG-TP260 Build/NRD90U,0.0
1319,DeviceInfo_LG-TP450 Build/NRD90U,0.0
1320,DeviceInfo_LG-V410,0.0
1321,DeviceInfo_LG-V495,0.0
1322,DeviceInfo_LG-V495/V49520l,0.0
1323,DeviceInfo_LG-V496,0.0
1324,DeviceInfo_LG-V500,0.0
1325,DeviceInfo_LG-V520,0.0
1326,DeviceInfo_LG-V521,0.0
1327,DeviceInfo_LG-V700,0.0
1328,DeviceInfo_LG-V930,0.0
1329,DeviceInfo_LG-X165g Build/LRX21M,0.0
1330,DeviceInfo_LG-X180g Build/LMY47I,0.0
1331,DeviceInfo_LG-X210 Build/LMY47I,0.0
1332,DeviceInfo_LG-X220 Build/LMY47I,0.0
1333,DeviceInfo_LG-X230 Build/MRA58K,0.0
1334,DeviceInfo_LG-X240 Build/MRA58K,0.0
1335,DeviceInfo_LGL163BL,0.0
1336,DeviceInfo_LGL164VL Build/NRD90U,0.0
1337,DeviceInfo_LGL33L/V100,0.0
1338,DeviceInfo_LGL41C,0.0
1339,DeviceInfo_LGL52VL Build/LMY47V,0.0
1340,DeviceInfo_LGL57BL,0.0
1341,DeviceInfo_LGL58VL,0.0
1342,DeviceInfo_LGL62VL,0.0
1343,DeviceInfo_LGL83BL,0.0
1344,DeviceInfo_LGL84VL Build/NRD90U,0.0
1345,DeviceInfo_LGLK430,0.0
1346,DeviceInfo_LGLS665 Build/LMY47V,0.0
1347,DeviceInfo_LGLS675 Build/LMY47V,0.0
1348,DeviceInfo_LGLS676 Build/MXB48T,0.0
1349,DeviceInfo_LGLS751,0.0
1350,DeviceInfo_LGLS755,0.0
1351,DeviceInfo_LGLS770,0.0
1352,DeviceInfo_LGLS775 Build/MMB29M,0.0
1353,DeviceInfo_LGLS775 Build/NRD90U,0.0
1354,DeviceInfo_LGLS990,0.0
1355,DeviceInfo_LGLS991,0.0
1356,DeviceInfo_LGLS992,0.0
1357,DeviceInfo_LGMP260 Build/NRD90U,0.0
1358,DeviceInfo_LGMP450 Build/NRD90U,0.0
1359,DeviceInfo_LGMS210 Build/NRD90U,0.0
1360,DeviceInfo_LGMS323,0.0
1361,DeviceInfo_LGMS330 Build/LMY47V,0.0
1362,DeviceInfo_LGMS345,0.0
1363,DeviceInfo_LGMS428,0.0
1364,DeviceInfo_LGMS550 Build/MXB48T,0.0
1365,DeviceInfo_LGMS550 Build/NRD90U,0.0
1366,DeviceInfo_LGMS631 Build/MRA58K,0.0
1367,DeviceInfo_LGUS215 Build/NRD90U,0.0
1368,DeviceInfo_LGUS990,0.0
1369,DeviceInfo_LGUS991,0.0
1370,DeviceInfo_LGUS992,0.0
1371,DeviceInfo_LIMIT,0.0
1372,DeviceInfo_LM-X210(G,0.0
1373,DeviceInfo_LOGIC,0.0
1374,DeviceInfo_LT22i Build/6.2.A.1.100,0.0
1375,DeviceInfo_LT30p,0.0
1376,DeviceInfo_Le,0.0
1377,DeviceInfo_Le X520 Build/IEXCNFN5902303111S,0.0
1378,DeviceInfo_Lenovo,0.0
1379,DeviceInfo_Lenovo A2016b30 Build/MRA58K,0.0
1380,DeviceInfo_Lenovo A6020l37 Build/LMY47V,0.0
1381,DeviceInfo_Lenovo K33b36 Build/MMB29M,0.0
1382,DeviceInfo_Lenovo K33b36 Build/NRD90N,0.0
1383,DeviceInfo_Lenovo PB1-750M Build/S100,0.0
1384,DeviceInfo_Lenovo PB2-650Y Build/MRA58K,0.0
1385,DeviceInfo_Lenovo PB2-670Y Build/MRA58K,0.0
1386,DeviceInfo_Lenovo TAB 2 A7-30GC Build/KOT49H,0.0
1387,DeviceInfo_Lenovo TB-7703X Build/S100,0.0
1388,DeviceInfo_Lenovo TB-X103F Build/LenovoTB-X103F,0.0
1389,DeviceInfo_Lenovo TB2-X30F Build/LenovoTB2-X30F,0.0
1390,DeviceInfo_Lenovo TB3-710F Build/LRX21M,0.0
1391,DeviceInfo_Lenovo TB3-710I Build/LMY47I,0.0
1392,DeviceInfo_Lenovo YT3-850F Build/MMB29M,0.0
1393,DeviceInfo_Lenovo YT3-850M Build/MMB29M,0.0
1394,DeviceInfo_Lenovo YT3-X50F Build/MMB29M,0.0
1395,DeviceInfo_Lenovo-A6020l36 Build/LMY47V,0.0
1396,DeviceInfo_LenovoA3300-GV Build/JDQ39,0.0
1397,DeviceInfo_Linux,0.0
1398,DeviceInfo_Linux i686,0.0
1399,DeviceInfo_Linux x86_64,0.0
1400,DeviceInfo_M4,0.0
1401,DeviceInfo_M4 SS4450 Build/MRA58K,0.0
1402,DeviceInfo_M4 SS4451 Build/LMY47D,0.0
1403,DeviceInfo_M4 SS4452 Build/LMY47V,0.0
1404,DeviceInfo_M4 SS4453 Build/MMB29M,0.0
1405,DeviceInfo_M4 SS4456 Build/LMY47V,0.0
1406,DeviceInfo_M4 SS4457 Build/MRA58K,0.0
1407,DeviceInfo_M4 SS4458 Build/MMB29M,0.0
1408,DeviceInfo_M431,0.0
1409,DeviceInfo_MAGNO,0.0
1410,DeviceInfo_MALC,0.0
1411,DeviceInfo_MAMI,0.0
1412,DeviceInfo_MDDRJS,0.0
1413,DeviceInfo_ME173X,0.0
1414,DeviceInfo_ME301T,0.0
1415,DeviceInfo_MHA-L09 Build/HUAWEIMHA-L09,0.0
1416,DeviceInfo_MHA-L29 Build/HUAWEIMHA-L29,0.0
1417,DeviceInfo_MI,0.0
1418,DeviceInfo_MI MAX 2 Build/NMF26F,0.0
1419,DeviceInfo_MOT-A6020l37 Build/LMY47V,0.0
1420,DeviceInfo_MYA-L03 Build/HUAWEIMYA-L03,0.0
1421,DeviceInfo_MYA-L11,0.0
1422,DeviceInfo_MYA-L13 Build/HUAWEIMYA-L13,0.0
1423,DeviceInfo_MYA-L23,0.0
1424,DeviceInfo_MacOS,0.0
1425,DeviceInfo_Max,0.0
1426,DeviceInfo_Mi,0.0
1427,DeviceInfo_Mi A1 Build/N2G47H,0.0
1428,DeviceInfo_Mi A1 Build/OPR1.170623.026,0.0
1429,DeviceInfo_Microsoft,0.0
1430,DeviceInfo_Minion_Tab,0.0
1431,DeviceInfo_Mobiistar_LAI_Yuna_X,0.0
1432,DeviceInfo_Moto,0.0
1433,DeviceInfo_Moto C Build/NRD90M.046,0.0
1434,DeviceInfo_Moto C Build/NRD90M.050,0.0
1435,DeviceInfo_Moto C Build/NRD90M.054,0.0
1436,DeviceInfo_Moto C Build/NRD90M.063,0.0
1437,DeviceInfo_Moto C Plus Build/NRD90M.05.022,0.0
1438,DeviceInfo_Moto C Plus Build/NRD90M.05.034,0.0
1439,DeviceInfo_Moto E (4) Build/NCQ26.69-56,0.0
1440,DeviceInfo_Moto E (4) Build/NDQS26.69-23-2-3,0.0
1441,DeviceInfo_Moto E (4) Build/NMA26.42-11-3,0.0
1442,DeviceInfo_Moto E (4) Build/NMA26.42-19,0.0
1443,DeviceInfo_Moto E (4) Build/NMA26.42-69,0.0
1444,DeviceInfo_Moto E (4) Plus Build/NMA26.42-11-3,0.0
1445,DeviceInfo_Moto E (4) Plus Build/NMA26.42-142,0.0
1446,DeviceInfo_Moto E (4) Plus Build/NMA26.42-69,0.0
1447,DeviceInfo_Moto G (4) Build/NPJ25.93-14,0.0
1448,DeviceInfo_Moto G (4) Build/NPJ25.93-14.5,0.0
1449,DeviceInfo_Moto G (4) Build/NPJ25.93-14.7,0.0
1450,DeviceInfo_Moto G (4) Build/NPJS25.93-14-10,0.0
1451,DeviceInfo_Moto G (4) Build/NPJS25.93-14-13,0.0
1452,DeviceInfo_Moto G (4) Build/NPJS25.93-14-15,0.0
1453,DeviceInfo_Moto G (4) Build/NPJS25.93-14-8,0.0
1454,DeviceInfo_Moto G (4) Build/NPJS25.93-14-8.1-4,0.0
1455,DeviceInfo_Moto G (5) Build/NPP25.137-15,0.0
1456,DeviceInfo_Moto G (5) Build/NPP25.137-38,0.0
1457,DeviceInfo_Moto G (5) Build/NPP25.137-72,0.0
1458,DeviceInfo_Moto G (5) Build/NPP25.137-82,0.0
1459,DeviceInfo_Moto G (5) Build/NPP25.137-93,0.0
1460,DeviceInfo_Moto G (5) Build/NPPS25.137-15-11,0.0
1461,DeviceInfo_Moto G (5) Build/NPPS25.137-93-4,0.0
1462,DeviceInfo_Moto G (5) Plus Build/NPN25.137-15,0.0
1463,DeviceInfo_Moto G (5) Plus Build/NPN25.137-72,0.0
1464,DeviceInfo_Moto G (5) Plus Build/NPN25.137-82,0.0
1465,DeviceInfo_Moto G (5) Plus Build/NPN25.137-83,0.0
1466,DeviceInfo_Moto G (5) Plus Build/NPN25.137-92,0.0
1467,DeviceInfo_Moto G (5) Plus Build/NPNS25.137-15-11,0.0
1468,DeviceInfo_Moto G (5) Plus Build/NPNS25.137-92-4,0.0
1469,DeviceInfo_Moto G (5S,0.0
1470,DeviceInfo_Moto G Play Build/MPIS24.241-15.3-26,0.0
1471,DeviceInfo_Moto G Play Build/MPIS24.241-15.3-7,0.0
1472,DeviceInfo_Moto G Play Build/NJH47F,0.0
1473,DeviceInfo_Moto G Play Build/NPI26.48-36,0.0
1474,DeviceInfo_Moto G Play Build/NPIS26.48-36-2,0.0
1475,DeviceInfo_Moto X Play Build/NPD26.48-24-1,0.0
1476,DeviceInfo_Moto Z (2,0.0
1477,DeviceInfo_Moto Z2 Play Build/NPS26.118-19,0.0
1478,DeviceInfo_Moto Z2 Play Build/NPS26.74-16-1,0.0
1479,DeviceInfo_Moto Z2 Play Build/NPSS26.118-19-11,0.0
1480,DeviceInfo_Moto Z2 Play Build/NPSS26.118-19-14,0.0
1481,DeviceInfo_Moto Z2 Play Build/NPSS26.118-19-4,0.0
1482,DeviceInfo_Moto Z2 Play Build/NPSS26.118-19-6,0.0
1483,DeviceInfo_MotoE2 Build/LPCS23.13-56-5,0.0
1484,DeviceInfo_MotoE2(4G-LTE,0.0
1485,DeviceInfo_MotoG3,0.0
1486,DeviceInfo_MotoG3 Build/MPI24.65-25,0.0
1487,DeviceInfo_MotoG3 Build/MPI24.65-25.1,0.0
1488,DeviceInfo_MotoG3 Build/MPI24.65-33.1-2,0.0
1489,DeviceInfo_MotoG3 Build/MPIS24.107-55-2-17,0.0
1490,DeviceInfo_MotoG3 Build/MPIS24.65-25.1-19,0.0
1491,DeviceInfo_MotoG3 Build/MPIS24.65-33.1-2-16,0.0
1492,DeviceInfo_MotoG3-TE,0.0
1493,DeviceInfo_MotoG3-TE Build/MPDS24.65-33-1-3,0.0
1494,DeviceInfo_MotoG3-TE Build/MPDS24.65-33-1-30,0.0
1495,DeviceInfo_N817,0.0
1496,DeviceInfo_N9136,0.0
1497,DeviceInfo_NEM-L51 Build/HONORNEM-L51,0.0
1498,DeviceInfo_NOKIA,0.0
1499,DeviceInfo_NX16A8116KP,0.0
1500,DeviceInfo_NX521J,0.0
1501,DeviceInfo_NX785QC8G,0.0
1502,DeviceInfo_NXA116QC164,0.0
1503,DeviceInfo_NXA8QC116,0.0
1504,DeviceInfo_NYX_A1,0.0
1505,DeviceInfo_Neffos C5 Build/LMY47D,0.0
1506,DeviceInfo_Neffos X1 Max Build/NRD90M,0.0
1507,DeviceInfo_NetHelper70,0.0
1508,DeviceInfo_Nexus,0.0
1509,DeviceInfo_Nexus 5 Build/M4B30Z,0.0
1510,DeviceInfo_Nexus 5X Build/OPM3.171019.013,0.0
1511,DeviceInfo_Nexus 6 Build/MOB30M,0.0
1512,DeviceInfo_Nexus 6 Build/N6F27M,0.0
1513,DeviceInfo_Nexus 6P Build/OPR5.170623.011,0.0
1514,DeviceInfo_Nexus 6P Build/OPR5.170623.014,0.0
1515,DeviceInfo_O1,0.0
1516,DeviceInfo_ONE,0.0
1517,DeviceInfo_ONE A2003 Build/MMB29M,0.0
1518,DeviceInfo_ONE A2005 Build/MMB29M,0.0
1519,DeviceInfo_ONE TOUCH 4016A Build/JDQ39,0.0
1520,DeviceInfo_ONE TOUCH 4033A Build/JDQ39,0.0
1521,DeviceInfo_ONEPLUS,0.0
1522,DeviceInfo_ONEPLUS A5000 Build/NMF26X,0.0
1523,DeviceInfo_Origins,0.0
1524,DeviceInfo_P008 Build/NRD90M,0.0
1525,DeviceInfo_P00C,0.0
1526,DeviceInfo_P027,0.0
1527,DeviceInfo_P4526A Build/NRD90M,0.0
1528,DeviceInfo_P5006A,0.0
1529,DeviceInfo_P5006A Build/NRD90M,0.0
1530,DeviceInfo_P5026A,0.0
1531,DeviceInfo_P5046A,0.0
1532,DeviceInfo_P5526A Build/NRD90M,0.0
1533,DeviceInfo_PE-TL10,0.0
1534,DeviceInfo_PH-1,0.0
1535,DeviceInfo_PLAYTAB,0.0
1536,DeviceInfo_PLE-701L,0.0
1537,DeviceInfo_PLK-L01 Build/HONORPLK-L01,0.0
1538,DeviceInfo_PLUS,0.0
1539,DeviceInfo_PMID7102DC,0.0
1540,DeviceInfo_PRA-LX1 Build/HUAWEIPRA-LX1,0.0
1541,DeviceInfo_PRA-LX3 Build/HUAWEIPRA-LX3,0.0
1542,DeviceInfo_PSPC550 Build/LMY47D,0.0
1543,DeviceInfo_Pixel,0.0
1544,DeviceInfo_Pixel 2 Build/OPM1.171019.011,0.0
1545,DeviceInfo_Pixel 2 Build/OPM1.171019.019,0.0
1546,DeviceInfo_Pixel 2 Build/OPM1.171019.021,0.0
1547,DeviceInfo_Pixel 2 Build/OPM2.171019.016,0.0
1548,DeviceInfo_Pixel 2 XL Build/OPM1.171019.011,0.0
1549,DeviceInfo_Pixel 2 XL Build/OPM1.171019.013,0.0
1550,DeviceInfo_Pixel 2 XL Build/OPM1.171019.021,0.0
1551,DeviceInfo_Pixel Build/OPM1.171019.011,0.0
1552,DeviceInfo_Pixel Build/OPM1.171019.012,0.0
1553,DeviceInfo_Pixel Build/OPM1.171019.016,0.0
1554,DeviceInfo_Pixel Build/OPR3.170623.013,0.0
1555,DeviceInfo_Pixel XL Build/OPM1.171019.011,0.0
1556,DeviceInfo_Pixel XL Build/OPM1.171019.016,0.0
1557,DeviceInfo_Pixel XL Build/OPM1.171019.021,0.0
1558,DeviceInfo_QMV7A,0.0
1559,DeviceInfo_QTAIR7 Build/LMY47D,0.0
1560,DeviceInfo_QTAQZ3 Build/KOT49H,0.0
1561,DeviceInfo_QTAQZ3 Build/LMY47V,0.0
1562,DeviceInfo_QTASUN1,0.0
1563,DeviceInfo_QTASUN1 Build/NRD90M,0.0
1564,DeviceInfo_QwestIE8,0.0
1565,DeviceInfo_R1,0.0
1566,DeviceInfo_R8106,0.0
1567,DeviceInfo_RCT6203W46 Build/KOT49H,0.0
1568,DeviceInfo_RCT6223W87,0.0
1569,DeviceInfo_RCT6303W87M7 Build/MRA58K,0.0
1570,DeviceInfo_RCT6513W87 Build/MRA58K,0.0
1571,DeviceInfo_RCT6773W22B,0.0
1572,DeviceInfo_RCT6K03W13,0.0
1573,DeviceInfo_RCT6S03W12,0.0
1574,DeviceInfo_REVVLPLUS,0.0
1575,DeviceInfo_REX,0.0
1576,DeviceInfo_RNE-L03 Build/HUAWEIRNE-L03,0.0
1577,DeviceInfo_RS988,0.0
1578,DeviceInfo_RS988 Build/MMB29M,0.0
1579,DeviceInfo_Redmi,0.0
1580,DeviceInfo_Redmi 3S Build/MMB29M,0.0
1581,DeviceInfo_Redmi 4A Build/MMB29M,0.0
1582,DeviceInfo_Redmi 4A Build/N2G47H,0.0
1583,DeviceInfo_Redmi 4X Build/N2G47H,0.0
1584,DeviceInfo_Redmi 5 Plus Build/N2G47H,0.0
1585,DeviceInfo_Redmi Note 3 Build/MMB29M,0.0
1586,DeviceInfo_Redmi Note 4 Build/MMB29M,0.0
1587,DeviceInfo_Redmi Note 4 Build/NRD90M,0.0
1588,DeviceInfo_Robin,0.0
1589,DeviceInfo_S.N.O.W.4,0.0
1590,DeviceInfo_S57 Build/KTU84P,0.0
1591,DeviceInfo_S60 Build/MMB29M,0.0
1592,DeviceInfo_S6000,0.0
1593,DeviceInfo_S70V,0.0
1594,DeviceInfo_SAMSUNG,0.0
1595,DeviceInfo_SAMSUNG SM-A300H Build/LRX22G,0.0
1596,DeviceInfo_SAMSUNG SM-A310F Build/NRD90M,0.0
1597,DeviceInfo_SAMSUNG SM-A310M Build/LMY47X,0.0
1598,DeviceInfo_SAMSUNG SM-A320FL Build/NRD90M,0.0
1599,DeviceInfo_SAMSUNG SM-A320Y Build/NRD90M,0.0
1600,DeviceInfo_SAMSUNG SM-A510F Build/NRD90M,0.0
1601,DeviceInfo_SAMSUNG SM-A510M Build/MMB29K,0.0
1602,DeviceInfo_SAMSUNG SM-A510M Build/NRD90M,0.0
1603,DeviceInfo_SAMSUNG SM-A520F Build/NRD90M,0.0
1604,DeviceInfo_SAMSUNG SM-A720F Build/NRD90M,0.0
1605,DeviceInfo_SAMSUNG SM-A730F Build/NMF26X,0.0
1606,DeviceInfo_SAMSUNG SM-G530H Build/LRX22G,0.0
1607,DeviceInfo_SAMSUNG SM-G530T Build/LMY47X,0.0
1608,DeviceInfo_SAMSUNG SM-G531H Build/LMY48B,0.0
1609,DeviceInfo_SAMSUNG SM-G532M Build/MMB29T,0.0
1610,DeviceInfo_SAMSUNG SM-G550T1 Build/MMB29K,0.0
1611,DeviceInfo_SAMSUNG SM-G570M Build/MMB29K,0.0
1612,DeviceInfo_SAMSUNG SM-G570M Build/NRD90M,0.0
1613,DeviceInfo_SAMSUNG SM-G610M Build/MMB29K,0.0
1614,DeviceInfo_SAMSUNG SM-G610M Build/NRD90M,0.0
1615,DeviceInfo_SAMSUNG SM-G800F Build/MMB29K,0.0
1616,DeviceInfo_SAMSUNG SM-G850F/G850FXXS2CQD9 Build/LRX22G,0.0
1617,DeviceInfo_SAMSUNG SM-G890A Build/NRD90M,0.0
1618,DeviceInfo_SAMSUNG SM-G891A Build/NRD90M,0.0
1619,DeviceInfo_SAMSUNG SM-G892A Build/NRD90M,0.0
1620,DeviceInfo_SAMSUNG SM-G900A Build/MMB29M,0.0
1621,DeviceInfo_SAMSUNG SM-G900F Build/MMB29M,0.0
1622,DeviceInfo_SAMSUNG SM-G900I Build/MMB29M,0.0
1623,DeviceInfo_SAMSUNG SM-G900M Build/LRX21T,0.0
1624,DeviceInfo_SAMSUNG SM-G900T Build/MMB29M,0.0
1625,DeviceInfo_SAMSUNG SM-G903F Build/MMB29K,0.0
1626,DeviceInfo_SAMSUNG SM-G920A Build/NRD90M,0.0
1627,DeviceInfo_SAMSUNG SM-G920F Build/LRX22G,0.0
1628,DeviceInfo_SAMSUNG SM-G920F Build/NRD90M,0.0
1629,DeviceInfo_SAMSUNG SM-G920I Build/NRD90M,0.0
1630,DeviceInfo_SAMSUNG SM-G920P Build/NRD90M,0.0
1631,DeviceInfo_SAMSUNG SM-G920T Build/NRD90M,0.0
1632,DeviceInfo_SAMSUNG SM-G925F Build/NRD90M,0.0
1633,DeviceInfo_SAMSUNG SM-G925I Build/NRD90M,0.0
1634,DeviceInfo_SAMSUNG SM-G925P Build/MMB29K,0.0
1635,DeviceInfo_SAMSUNG SM-G925P Build/NRD90M,0.0
1636,DeviceInfo_SAMSUNG SM-G925T Build/NRD90M,0.0
1637,DeviceInfo_SAMSUNG SM-G928G Build/NRD90M,0.0
1638,DeviceInfo_SAMSUNG SM-G930A Build/NRD90M,0.0
1639,DeviceInfo_SAMSUNG SM-G930F Build/NRD90M,0.0
1640,DeviceInfo_SAMSUNG SM-G930P Build/NRD90M,0.0
1641,DeviceInfo_SAMSUNG SM-G930R4 Build/NRD90M,0.0
1642,DeviceInfo_SAMSUNG SM-G930T Build/NRD90M,0.0
1643,DeviceInfo_SAMSUNG SM-G935A Build/NRD90M,0.0
1644,DeviceInfo_SAMSUNG SM-G935F Build/MMB29K,0.0
1645,DeviceInfo_SAMSUNG SM-G935F Build/NRD90M,0.0
1646,DeviceInfo_SAMSUNG SM-G935P Build/NRD90M,0.0
1647,DeviceInfo_SAMSUNG SM-G935T Build/NRD90M,0.0
1648,DeviceInfo_SAMSUNG SM-G950F Build/NRD90M,0.0
1649,DeviceInfo_SAMSUNG SM-G950F Build/R16NW,0.0
1650,DeviceInfo_SAMSUNG SM-G950U Build/NRD90M,0.0
1651,DeviceInfo_SAMSUNG SM-G950U Build/R16NW,0.0
1652,DeviceInfo_SAMSUNG SM-G950U1 Build/NRD90M,0.0
1653,DeviceInfo_SAMSUNG SM-G955F Build/NRD90M,0.0
1654,DeviceInfo_SAMSUNG SM-G955U Build/NRD90M,0.0
1655,DeviceInfo_SAMSUNG SM-G955U Build/R16NW,0.0
1656,DeviceInfo_SAMSUNG SM-G9600 Build/R16NW,0.0
1657,DeviceInfo_SAMSUNG SM-J111M Build/LMY47V,0.0
1658,DeviceInfo_SAMSUNG SM-J120H Build/LMY47V,0.0
1659,DeviceInfo_SAMSUNG SM-J320F Build/LMY47V,0.0
1660,DeviceInfo_SAMSUNG SM-J320FN Build/LMY47V,0.0
1661,DeviceInfo_SAMSUNG SM-J320M Build/LMY47V,0.0
1662,DeviceInfo_SAMSUNG SM-J327A Build/NRD90M,0.0
1663,DeviceInfo_SAMSUNG SM-J327P Build/MMB29M,0.0
1664,DeviceInfo_SAMSUNG SM-J327T Build/NRD90M,0.0
1665,DeviceInfo_SAMSUNG SM-J327T1 Build/NRD90M,0.0
1666,DeviceInfo_SAMSUNG SM-J500FN Build/MMB29M,0.0
1667,DeviceInfo_SAMSUNG SM-J500M Build/LMY48B,0.0
1668,DeviceInfo_SAMSUNG SM-J500M Build/MMB29M,0.0
1669,DeviceInfo_SAMSUNG SM-J510MN Build/MMB29M,0.0
1670,DeviceInfo_SAMSUNG SM-J530F Build/NRD90M,0.0
1671,DeviceInfo_SAMSUNG SM-J530GM Build/NRD90M,0.0
1672,DeviceInfo_SAMSUNG SM-J700M Build/LMY48B,0.0
1673,DeviceInfo_SAMSUNG SM-J700M Build/MMB29K,0.0
1674,DeviceInfo_SAMSUNG SM-J700T Build/NMF26X,0.0
1675,DeviceInfo_SAMSUNG SM-J700T1 Build/NMF26X,0.0
1676,DeviceInfo_SAMSUNG SM-J701M Build/NRD90M,0.0
1677,DeviceInfo_SAMSUNG SM-J710MN Build/MMB29K,0.0
1678,DeviceInfo_SAMSUNG SM-J710MN Build/NRD90M,0.0
1679,DeviceInfo_SAMSUNG SM-J727T1 Build/NRD90M,0.0
1680,DeviceInfo_SAMSUNG SM-J730GM Build/NRD90M,0.0
1681,DeviceInfo_SAMSUNG SM-N900T Build/LRX21V,0.0
1682,DeviceInfo_SAMSUNG SM-N900W8 Build/LRX21V,0.0
1683,DeviceInfo_SAMSUNG SM-N910A Build/MMB29M,0.0
1684,DeviceInfo_SAMSUNG SM-N920A Build/NRD90M,0.0
1685,DeviceInfo_SAMSUNG SM-N920P Build/NRD90M,0.0
1686,DeviceInfo_SAMSUNG SM-N920T Build/NRD90M,0.0
1687,DeviceInfo_SAMSUNG SM-N920V Build/NRD90M,0.0
1688,DeviceInfo_SAMSUNG SM-N950F Build/NMF26X,0.0
1689,DeviceInfo_SAMSUNG SM-N950U Build/NMF26X,0.0
1690,DeviceInfo_SAMSUNG SM-N950U1 Build/NMF26X,0.0
1691,DeviceInfo_SAMSUNG SM-P580 Build/NRD90M,0.0
1692,DeviceInfo_SAMSUNG SM-S727VL Build/MMB29M,0.0
1693,DeviceInfo_SAMSUNG SM-T530NU Build/LRX22G,0.0
1694,DeviceInfo_SAMSUNG SM-T550 Build/NMF26X,0.0
1695,DeviceInfo_SAMSUNG SM-T580 Build/NRD90M,0.0
1696,DeviceInfo_SAMSUNG SM-T587P Build/NRD90M,0.0
1697,DeviceInfo_SAMSUNG SM-T710 Build/NRD90M,0.0
1698,DeviceInfo_SAMSUNG SM-T800 Build/MMB29K,0.0
1699,DeviceInfo_SAMSUNG SM-T810 Build/NRD90M,0.0
1700,DeviceInfo_SAMSUNG SM-T813 Build/NRD90M,0.0
1701,DeviceInfo_SAMSUNG-SGH-I337,0.0
1702,DeviceInfo_SAMSUNG-SGH-I337 Build/KOT49H,0.0
1703,DeviceInfo_SAMSUNG-SGH-I497,0.0
1704,DeviceInfo_SAMSUNG-SGH-I537,0.0
1705,DeviceInfo_SAMSUNG-SM-G530AZ Build/LMY48B,0.0
1706,DeviceInfo_SAMSUNG-SM-G870A,0.0
1707,DeviceInfo_SAMSUNG-SM-G870A Build/MMB29M,0.0
1708,DeviceInfo_SAMSUNG-SM-G890A,0.0
1709,DeviceInfo_SAMSUNG-SM-G890A Build/MMB29K,0.0
1710,DeviceInfo_SAMSUNG-SM-G890A Build/NRD90M,0.0
1711,DeviceInfo_SAMSUNG-SM-G891A Build/NRD90M,0.0
1712,DeviceInfo_SAMSUNG-SM-G900A,0.0
1713,DeviceInfo_SAMSUNG-SM-G900A Build/LMY47X,0.0
1714,DeviceInfo_SAMSUNG-SM-G900A Build/LRX21T,0.0
1715,DeviceInfo_SAMSUNG-SM-G900A Build/MMB29M,0.0
1716,DeviceInfo_SAMSUNG-SM-G920A Build/MMB29K,0.0
1717,DeviceInfo_SAMSUNG-SM-G920A Build/NRD90M,0.0
1718,DeviceInfo_SAMSUNG-SM-G925A,0.0
1719,DeviceInfo_SAMSUNG-SM-G925A Build/MMB29K,0.0
1720,DeviceInfo_SAMSUNG-SM-G925A Build/NRD90M,0.0
1721,DeviceInfo_SAMSUNG-SM-G928A Build/NRD90M,0.0
1722,DeviceInfo_SAMSUNG-SM-G930A,0.0
1723,DeviceInfo_SAMSUNG-SM-G930A Build/NRD90M,0.0
1724,DeviceInfo_SAMSUNG-SM-G930AZ,0.0
1725,DeviceInfo_SAMSUNG-SM-G935A,0.0
1726,DeviceInfo_SAMSUNG-SM-G935A Build/NRD90M,0.0
1727,DeviceInfo_SAMSUNG-SM-J120A,0.0
1728,DeviceInfo_SAMSUNG-SM-J320A Build/MMB29K,0.0
1729,DeviceInfo_SAMSUNG-SM-J320A Build/NMF26X,0.0
1730,DeviceInfo_SAMSUNG-SM-J320AZ,0.0
1731,DeviceInfo_SAMSUNG-SM-J320AZ Build/MMB29K,0.0
1732,DeviceInfo_SAMSUNG-SM-J327A Build/NRD90M,0.0
1733,DeviceInfo_SAMSUNG-SM-J327AZ,0.0
1734,DeviceInfo_SAMSUNG-SM-J727A Build/NRD90M,0.0
1735,DeviceInfo_SAMSUNG-SM-N900A,0.0
1736,DeviceInfo_SAMSUNG-SM-N900A Build/LRX21V,0.0
1737,DeviceInfo_SAMSUNG-SM-N910A,0.0
1738,DeviceInfo_SAMSUNG-SM-N920A,0.0
1739,DeviceInfo_SAMSUNG-SM-N920A Build/NRD90M,0.0
1740,DeviceInfo_SAMSUNG-SM-T337A Build/LMY47X,0.0
1741,DeviceInfo_SAMSUNG-SM-T377A Build/MMB29K,0.0
1742,DeviceInfo_SAMSUNG-SM-T537A,0.0
1743,DeviceInfo_SAMSUNG-SM-T677A,0.0
1744,DeviceInfo_SAMSUNG-SM-T807A,0.0
1745,DeviceInfo_SAMSUNG-SM-T817A,0.0
1746,DeviceInfo_SC-02H,0.0
1747,DeviceInfo_SCH-I435,0.0
1748,DeviceInfo_SCH-I535,0.0
1749,DeviceInfo_SCH-I545 Build/LRX22C,0.0
1750,DeviceInfo_SENS,0.0
1751,DeviceInfo_SGH-I317M,0.0
1752,DeviceInfo_SGH-I337M,0.0
1753,DeviceInfo_SGH-I337M Build/LRX22C,0.0
1754,DeviceInfo_SGH-M919 Build/KTU84P,0.0
1755,DeviceInfo_SGH-M919N,0.0
1756,DeviceInfo_SGH-M919V,0.0
1757,DeviceInfo_SGP511,0.0
1758,DeviceInfo_SGP521,0.0
1759,DeviceInfo_SGP621 Build/23.5.A.1.291,0.0
1760,DeviceInfo_SH-04F,0.0
1761,DeviceInfo_SKY_5.0LM,0.0
1762,DeviceInfo_SLA-L02,0.0
1763,DeviceInfo_SLA-L03 Build/HUAWEISLA-L03,0.0
1764,DeviceInfo_SLA-L22,0.0
1765,DeviceInfo_SLA-L23,0.0
1766,DeviceInfo_SLAY,0.0
1767,DeviceInfo_SM-A300FU Build/MMB29M,0.0
1768,DeviceInfo_SM-A300H,0.0
1769,DeviceInfo_SM-A300H Build/LRX22G,0.0
1770,DeviceInfo_SM-A300M,0.0
1771,DeviceInfo_SM-A310F Build/MMB29K,0.0
1772,DeviceInfo_SM-A310F Build/NRD90M,0.0
1773,DeviceInfo_SM-A310M,0.0
1774,DeviceInfo_SM-A310M Build/LMY47X,0.0
1775,DeviceInfo_SM-A310M Build/NRD90M,0.0
1776,DeviceInfo_SM-A320FL Build/MMB29K,0.0
1777,DeviceInfo_SM-A320FL Build/NRD90M,0.0
1778,DeviceInfo_SM-A320Y,0.0
1779,DeviceInfo_SM-A320Y Build/NRD90M,0.0
1780,DeviceInfo_SM-A500FU,0.0
1781,DeviceInfo_SM-A500FU Build/MMB29M,0.0
1782,DeviceInfo_SM-A500H,0.0
1783,DeviceInfo_SM-A500M Build/KTU84P,0.0
1784,DeviceInfo_SM-A500M Build/LRX22G,0.0
1785,DeviceInfo_SM-A500W,0.0
1786,DeviceInfo_SM-A510F Build/MMB29K,0.0
1787,DeviceInfo_SM-A510F Build/NRD90M,0.0
1788,DeviceInfo_SM-A510M Build/LMY47X,0.0
1789,DeviceInfo_SM-A510M Build/MMB29K,0.0
1790,DeviceInfo_SM-A510M Build/NRD90M,0.0
1791,DeviceInfo_SM-A520F Build/MMB29K,0.0
1792,DeviceInfo_SM-A520F Build/NRD90M,0.0
1793,DeviceInfo_SM-A520W,0.0
1794,DeviceInfo_SM-A520W Build/NRD90M,0.0
1795,DeviceInfo_SM-A530F Build/NMF26X,0.0
1796,DeviceInfo_SM-A710M,0.0
1797,DeviceInfo_SM-A710M Build/LMY47X,0.0
1798,DeviceInfo_SM-A710M Build/NRD90M,0.0
1799,DeviceInfo_SM-A720F Build/MMB29K,0.0
1800,DeviceInfo_SM-A720F Build/NRD90M,0.0
1801,DeviceInfo_SM-A800I,0.0
1802,DeviceInfo_SM-C900F,0.0
1803,DeviceInfo_SM-E500M,0.0
1804,DeviceInfo_SM-E500M Build/KTU84P,0.0
1805,DeviceInfo_SM-E700M,0.0
1806,DeviceInfo_SM-G313ML,0.0
1807,DeviceInfo_SM-G318ML,0.0
1808,DeviceInfo_SM-G350M,0.0
1809,DeviceInfo_SM-G355M Build/KOT49H,0.0
1810,DeviceInfo_SM-G360F,0.0
1811,DeviceInfo_SM-G360M,0.0
1812,DeviceInfo_SM-G360T1 Build/LMY47X,0.0
1813,DeviceInfo_SM-G360V,0.0
1814,DeviceInfo_SM-G360V Build/LMY48B,0.0
1815,DeviceInfo_SM-G386T,0.0
1816,DeviceInfo_SM-G386W,0.0
1817,DeviceInfo_SM-G388F,0.0
1818,DeviceInfo_SM-G390F,0.0
1819,DeviceInfo_SM-G390W,0.0
1820,DeviceInfo_SM-G530FZ,0.0
1821,DeviceInfo_SM-G530H Build/KTU84P,0.0
1822,DeviceInfo_SM-G530H Build/LRX22G,0.0
1823,DeviceInfo_SM-G530M,0.0
1824,DeviceInfo_SM-G530P,0.0
1825,DeviceInfo_SM-G530T,0.0
1826,DeviceInfo_SM-G530W,0.0
1827,DeviceInfo_SM-G531F,0.0
1828,DeviceInfo_SM-G531H Build/LMY48B,0.0
1829,DeviceInfo_SM-G532M Build/MMB29T,0.0
1830,DeviceInfo_SM-G550T Build/MMB29K,0.0
1831,DeviceInfo_SM-G550T1 Build/MMB29K,0.0
1832,DeviceInfo_SM-G550T2,0.0
1833,DeviceInfo_SM-G570M Build/MMB29K,0.0
1834,DeviceInfo_SM-G570M Build/NRD90M,0.0
1835,DeviceInfo_SM-G610F,0.0
1836,DeviceInfo_SM-G610F Build/NRD90M,0.0
1837,DeviceInfo_SM-G610M Build/MMB29K,0.0
1838,DeviceInfo_SM-G610M Build/NRD90M,0.0
1839,DeviceInfo_SM-G7105,0.0
1840,DeviceInfo_SM-G720AX,0.0
1841,DeviceInfo_SM-G730V,0.0
1842,DeviceInfo_SM-G730W8 Build/KOT49H,0.0
1843,DeviceInfo_SM-G800F Build/KOT49H,0.0
1844,DeviceInfo_SM-G800F Build/MMB29K,0.0
1845,DeviceInfo_SM-G800M Build/KOT49H,0.0
1846,DeviceInfo_SM-G850M Build/LRX22G,0.0
1847,DeviceInfo_SM-G900F Build/KOT49H,0.0
1848,DeviceInfo_SM-G900F Build/LRX21T,0.0
1849,DeviceInfo_SM-G900F Build/MMB29M,0.0
1850,DeviceInfo_SM-G900H Build/MMB29K,0.0
1851,DeviceInfo_SM-G900I,0.0
1852,DeviceInfo_SM-G900L,0.0
1853,DeviceInfo_SM-G900M Build/KOT49H,0.0
1854,DeviceInfo_SM-G900M Build/LRX21T,0.0
1855,DeviceInfo_SM-G900M Build/MMB29M,0.0
1856,DeviceInfo_SM-G900P,0.0
1857,DeviceInfo_SM-G900P Build/LRX21T,0.0
1858,DeviceInfo_SM-G900P Build/MMB29M,0.0
1859,DeviceInfo_SM-G900R4,0.0
1860,DeviceInfo_SM-G900T Build/MMB29M,0.0
1861,DeviceInfo_SM-G900T1,0.0
1862,DeviceInfo_SM-G900V,0.0
1863,DeviceInfo_SM-G900V Build/LRX21T,0.0
1864,DeviceInfo_SM-G900V Build/MMB29M,0.0
1865,DeviceInfo_SM-G900W8,0.0
1866,DeviceInfo_SM-G903F Build/MMB29K,0.0
1867,DeviceInfo_SM-G903M,0.0
1868,DeviceInfo_SM-G903W,0.0
1869,DeviceInfo_SM-G920F Build/MMB29K,0.0
1870,DeviceInfo_SM-G920F Build/NRD90M,0.0
1871,DeviceInfo_SM-G920I,0.0
1872,DeviceInfo_SM-G920I Build/NRD90M,0.0
1873,DeviceInfo_SM-G920P Build/NRD90M,0.0
1874,DeviceInfo_SM-G920R4,0.0
1875,DeviceInfo_SM-G920T Build/NRD90M,0.0
1876,DeviceInfo_SM-G920T1,0.0
1877,DeviceInfo_SM-G920V,0.0
1878,DeviceInfo_SM-G920V Build/MMB29K,0.0
1879,DeviceInfo_SM-G920V Build/NRD90M,0.0
1880,DeviceInfo_SM-G920W8,0.0
1881,DeviceInfo_SM-G9250,0.0
1882,DeviceInfo_SM-G925F Build/NRD90M,0.0
1883,DeviceInfo_SM-G925I,0.0
1884,DeviceInfo_SM-G925I Build/LMY47X,0.0
1885,DeviceInfo_SM-G925I Build/MMB29K,0.0
1886,DeviceInfo_SM-G925I Build/NRD90M,0.0
1887,DeviceInfo_SM-G925P Build/NRD90M,0.0
1888,DeviceInfo_SM-G925T Build/LMY47X,0.0
1889,DeviceInfo_SM-G925T Build/NRD90M,0.0
1890,DeviceInfo_SM-G925V Build/NRD90M,0.0
1891,DeviceInfo_SM-G925W8,0.0
1892,DeviceInfo_SM-G928F,0.0
1893,DeviceInfo_SM-G928G,0.0
1894,DeviceInfo_SM-G928G Build/MMB29K,0.0
1895,DeviceInfo_SM-G928G Build/NRD90M,0.0
1896,DeviceInfo_SM-G928P,0.0
1897,DeviceInfo_SM-G928P Build/NRD90M,0.0
1898,DeviceInfo_SM-G928T Build/NRD90M,0.0
1899,DeviceInfo_SM-G928V,0.0
1900,DeviceInfo_SM-G928V Build/MMB29K,0.0
1901,DeviceInfo_SM-G928V Build/NRD90M,0.0
1902,DeviceInfo_SM-G930F Build/MMB29K,0.0
1903,DeviceInfo_SM-G930F Build/NRD90M,0.0
1904,DeviceInfo_SM-G930P Build/NRD90M,0.0
1905,DeviceInfo_SM-G930R4 Build/NRD90M,0.0
1906,DeviceInfo_SM-G930R7,0.0
1907,DeviceInfo_SM-G930T,0.0
1908,DeviceInfo_SM-G930T Build/NRD90M,0.0
1909,DeviceInfo_SM-G930T1,0.0
1910,DeviceInfo_SM-G930U Build/NRD90M,0.0
1911,DeviceInfo_SM-G930V Build/MMB29M,0.0
1912,DeviceInfo_SM-G930V Build/NRD90M,0.0
1913,DeviceInfo_SM-G930VL Build/NRD90M,0.0
1914,DeviceInfo_SM-G930W8 Build/NRD90M,0.0
1915,DeviceInfo_SM-G935F Build/MMB29K,0.0
1916,DeviceInfo_SM-G935F Build/NRD90M,0.0
1917,DeviceInfo_SM-G935P Build/NRD90M,0.0
1918,DeviceInfo_SM-G935T,0.0
1919,DeviceInfo_SM-G935T Build/NRD90M,0.0
1920,DeviceInfo_SM-G935U,0.0
1921,DeviceInfo_SM-G935V,0.0
1922,DeviceInfo_SM-G935V Build/NRD90M,0.0
1923,DeviceInfo_SM-G935W8,0.0
1924,DeviceInfo_SM-G950F Build/NRD90M,0.0
1925,DeviceInfo_SM-G950F Build/R16NW,0.0
1926,DeviceInfo_SM-G950U Build/NRD90M,0.0
1927,DeviceInfo_SM-G950U Build/R16NW,0.0
1928,DeviceInfo_SM-G950U1 Build/NRD90M,0.0
1929,DeviceInfo_SM-G950W,0.0
1930,DeviceInfo_SM-G955F,0.0
1931,DeviceInfo_SM-G955F Build/NRD90M,0.0
1932,DeviceInfo_SM-G955U Build/NRD90M,0.0
1933,DeviceInfo_SM-G955U Build/R16NW,0.0
1934,DeviceInfo_SM-G955U1 Build/NRD90M,0.0
1935,DeviceInfo_SM-G9600 Build/R16NW,0.0
1936,DeviceInfo_SM-J100MU,0.0
1937,DeviceInfo_SM-J100VPP Build/LMY48B,0.0
1938,DeviceInfo_SM-J105B Build/LMY47V,0.0
1939,DeviceInfo_SM-J110M Build/LMY48B,0.0
1940,DeviceInfo_SM-J111M Build/LMY47V,0.0
1941,DeviceInfo_SM-J120FN Build/LMY47X,0.0
1942,DeviceInfo_SM-J120H Build/LMY47V,0.0
1943,DeviceInfo_SM-J200H,0.0
1944,DeviceInfo_SM-J200M Build/LMY47X,0.0
1945,DeviceInfo_SM-J320FN Build/LMY47V,0.0
1946,DeviceInfo_SM-J320H,0.0
1947,DeviceInfo_SM-J320M Build/LMY47V,0.0
1948,DeviceInfo_SM-J320P Build/LMY47X,0.0
1949,DeviceInfo_SM-J320V Build/MMB29M,0.0
1950,DeviceInfo_SM-J320V Build/NMF26X,0.0
1951,DeviceInfo_SM-J320VPP,0.0
1952,DeviceInfo_SM-J320W8,0.0
1953,DeviceInfo_SM-J327P Build/MMB29M,0.0
1954,DeviceInfo_SM-J327T Build/NRD90M,0.0
1955,DeviceInfo_SM-J327T1 Build/NRD90M,0.0
1956,DeviceInfo_SM-J327V Build/NRD90M,0.0
1957,DeviceInfo_SM-J327VPP Build/NRD90M,0.0
1958,DeviceInfo_SM-J330F,0.0
1959,DeviceInfo_SM-J330FN Build/NRD90M,0.0
1960,DeviceInfo_SM-J500FN,0.0
1961,DeviceInfo_SM-J500FN Build/MMB29M,0.0
1962,DeviceInfo_SM-J500G,0.0
1963,DeviceInfo_SM-J500H,0.0
1964,DeviceInfo_SM-J500M Build/LMY48B,0.0
1965,DeviceInfo_SM-J500M Build/MMB29M,0.0
1966,DeviceInfo_SM-J510F,0.0
1967,DeviceInfo_SM-J510FN,0.0
1968,DeviceInfo_SM-J510FN Build/NMF26X,0.0
1969,DeviceInfo_SM-J510MN Build/MMB29M,0.0
1970,DeviceInfo_SM-J530F Build/NRD90M,0.0
1971,DeviceInfo_SM-J530G,0.0
1972,DeviceInfo_SM-J530GM Build/NRD90M,0.0
1973,DeviceInfo_SM-J700H Build/MMB29K,0.0
1974,DeviceInfo_SM-J700M Build/LMY48B,0.0
1975,DeviceInfo_SM-J700M Build/MMB29K,0.0
1976,DeviceInfo_SM-J700P,0.0
1977,DeviceInfo_SM-J700T Build/NMF26X,0.0
1978,DeviceInfo_SM-J700T1 Build/NMF26X,0.0
1979,DeviceInfo_SM-J701M Build/NRD90M,0.0
1980,DeviceInfo_SM-J710F Build/NRD90M,0.0
1981,DeviceInfo_SM-J710GN,0.0
1982,DeviceInfo_SM-J710GN Build/MMB29K,0.0
1983,DeviceInfo_SM-J710MN Build/MMB29K,0.0
1984,DeviceInfo_SM-J710MN Build/NRD90M,0.0
1985,DeviceInfo_SM-J727P,0.0
1986,DeviceInfo_SM-J727T Build/NRD90M,0.0
1987,DeviceInfo_SM-J727T1 Build/NRD90M,0.0
1988,DeviceInfo_SM-J727U Build/NRD90M,0.0
1989,DeviceInfo_SM-J727V Build/NRD90M,0.0
1990,DeviceInfo_SM-J727VPP Build/NRD90M,0.0
1991,DeviceInfo_SM-J730F,0.0
1992,DeviceInfo_SM-J730G Build/NRD90M,0.0
1993,DeviceInfo_SM-J730GM Build/NRD90M,0.0
1994,DeviceInfo_SM-N9005 Build/LRX21V,0.0
1995,DeviceInfo_SM-N900P Build/LRX21V,0.0
1996,DeviceInfo_SM-N900T,0.0
1997,DeviceInfo_SM-N900T Build/LRX21V,0.0
1998,DeviceInfo_SM-N900V Build/LRX21V,0.0
1999,DeviceInfo_SM-N900W8 Build/LRX21V,0.0
2000,DeviceInfo_SM-N910C Build/MMB29K,0.0
2001,DeviceInfo_SM-N910F Build/MMB29M,0.0
2002,DeviceInfo_SM-N910H,0.0
2003,DeviceInfo_SM-N910P,0.0
2004,DeviceInfo_SM-N910T Build/MMB29M,0.0
2005,DeviceInfo_SM-N910T3,0.0
2006,DeviceInfo_SM-N910V Build/MMB29M,0.0
2007,DeviceInfo_SM-N915V,0.0
2008,DeviceInfo_SM-N920A Build/MMB29K,0.0
2009,DeviceInfo_SM-N920C Build/NRD90M,0.0
2010,DeviceInfo_SM-N920G Build/NRD90M,0.0
2011,DeviceInfo_SM-N920P,0.0
2012,DeviceInfo_SM-N920P Build/NRD90M,0.0
2013,DeviceInfo_SM-N920R4,0.0
2014,DeviceInfo_SM-N920T,0.0
2015,DeviceInfo_SM-N920T Build/NRD90M,0.0
2016,DeviceInfo_SM-N920V,0.0
2017,DeviceInfo_SM-N920V Build/NRD90M,0.0
2018,DeviceInfo_SM-N9500,0.0
2019,DeviceInfo_SM-N950F Build/NMF26X,0.0
2020,DeviceInfo_SM-N950U Build/NMF26X,0.0
2021,DeviceInfo_SM-N950U1 Build/NMF26X,0.0
2022,DeviceInfo_SM-N950W,0.0
2023,DeviceInfo_SM-P350 Build/MMB29M,0.0
2024,DeviceInfo_SM-P355M Build/MMB29M,0.0
2025,DeviceInfo_SM-P550 Build/MMB29M,0.0
2026,DeviceInfo_SM-P550 Build/NMF26X,0.0
2027,DeviceInfo_SM-P580 Build/NRD90M,0.0
2028,DeviceInfo_SM-P600 Build/LMY47X,0.0
2029,DeviceInfo_SM-P605V,0.0
2030,DeviceInfo_SM-P607T,0.0
2031,DeviceInfo_SM-P900,0.0
2032,DeviceInfo_SM-S120VL,0.0
2033,DeviceInfo_SM-S320VL,0.0
2034,DeviceInfo_SM-S327VL,0.0
2035,DeviceInfo_SM-S550TL,0.0
2036,DeviceInfo_SM-S727VL Build/MMB29M,0.0
2037,DeviceInfo_SM-S820L,0.0
2038,DeviceInfo_SM-S902L,0.0
2039,DeviceInfo_SM-S903VL,0.0
2040,DeviceInfo_SM-S906L,0.0
2041,DeviceInfo_SM-S907VL,0.0
2042,DeviceInfo_SM-S920L,0.0
2043,DeviceInfo_SM-S975L,0.0
2044,DeviceInfo_SM-T110 Build/JDQ39,0.0
2045,DeviceInfo_SM-T113 Build/KTU84P,0.0
2046,DeviceInfo_SM-T113NU Build/KTU84P,0.0
2047,DeviceInfo_SM-T210,0.0
2048,DeviceInfo_SM-T217S Build/KOT49H,0.0
2049,DeviceInfo_SM-T230 Build/KOT49H,0.0
2050,DeviceInfo_SM-T230NU Build/KOT49H,0.0
2051,DeviceInfo_SM-T237P,0.0
2052,DeviceInfo_SM-T280 Build/LMY47V,0.0
2053,DeviceInfo_SM-T285M,0.0
2054,DeviceInfo_SM-T310 Build/KOT49H,0.0
2055,DeviceInfo_SM-T320 Build/KOT49H,0.0
2056,DeviceInfo_SM-T330NU Build/LMY47X,0.0
2057,DeviceInfo_SM-T337V,0.0
2058,DeviceInfo_SM-T350 Build/MMB29M,0.0
2059,DeviceInfo_SM-T350 Build/NMF26X,0.0
2060,DeviceInfo_SM-T355Y Build/NMF26X,0.0
2061,DeviceInfo_SM-T377P,0.0
2062,DeviceInfo_SM-T377P Build/NMF26X,0.0
2063,DeviceInfo_SM-T377T,0.0
2064,DeviceInfo_SM-T377V,0.0
2065,DeviceInfo_SM-T377V Build/NMF26X,0.0
2066,DeviceInfo_SM-T377W,0.0
2067,DeviceInfo_SM-T520,0.0
2068,DeviceInfo_SM-T530,0.0
2069,DeviceInfo_SM-T530 Build/LRX22G,0.0
2070,DeviceInfo_SM-T530NU Build/LRX22G,0.0
2071,DeviceInfo_SM-T537V,0.0
2072,DeviceInfo_SM-T550,0.0
2073,DeviceInfo_SM-T550 Build/NMF26X,0.0
2074,DeviceInfo_SM-T555,0.0
2075,DeviceInfo_SM-T560 Build/KTU84P,0.0
2076,DeviceInfo_SM-T560NU Build/MMB29M,0.0
2077,DeviceInfo_SM-T560NU Build/NMF26X,0.0
2078,DeviceInfo_SM-T580,0.0
2079,DeviceInfo_SM-T580 Build/NRD90M,0.0
2080,DeviceInfo_SM-T585,0.0
2081,DeviceInfo_SM-T700 Build/MMB29K,0.0
2082,DeviceInfo_SM-T705,0.0
2083,DeviceInfo_SM-T710 Build/NRD90M,0.0
2084,DeviceInfo_SM-T713 Build/NRD90M,0.0
2085,DeviceInfo_SM-T800,0.0
2086,DeviceInfo_SM-T800 Build/MMB29K,0.0
2087,DeviceInfo_SM-T807T,0.0
2088,DeviceInfo_SM-T807V,0.0
2089,DeviceInfo_SM-T810 Build/NRD90M,0.0
2090,DeviceInfo_SM-T813 Build/NRD90M,0.0
2091,DeviceInfo_SM-T817T,0.0
2092,DeviceInfo_SM-T817V Build/NRD90M,0.0
2093,DeviceInfo_SM-T818V,0.0
2094,DeviceInfo_SM-T820 Build/NRD90M,0.0
2095,DeviceInfo_SM-T825 Build/NRD90M,0.0
2096,DeviceInfo_SM-T827R4,0.0
2097,DeviceInfo_SM-T827V Build/NRD90M,0.0
2098,DeviceInfo_SOV33 Build/35.0.D.2.25,0.0
2099,DeviceInfo_SPH-L720,0.0
2100,DeviceInfo_SPH-L720T,0.0
2101,DeviceInfo_STELLAR,0.0
2102,DeviceInfo_STF-L09 Build/HUAWEISTF-L09,0.0
2103,DeviceInfo_STK_Sync_5e,0.0
2104,DeviceInfo_STV100-1,0.0
2105,DeviceInfo_STV100-2 Build/MMB29M,0.0
2106,DeviceInfo_STV100-3,0.0
2107,DeviceInfo_STV100-4 Build/LMY47V,0.0
2108,DeviceInfo_Star,0.0
2109,DeviceInfo_Stellar,0.0
2110,DeviceInfo_Studio,0.0
2111,DeviceInfo_T1,0.0
2112,DeviceInfo_TA-1003,0.0
2113,DeviceInfo_TA-1004,0.0
2114,DeviceInfo_TA-1020,0.0
2115,DeviceInfo_TA-1025,0.0
2116,DeviceInfo_TA-1025 Build/NMF26F,0.0
2117,DeviceInfo_TA-1027,0.0
2118,DeviceInfo_TA-1027 Build/N2G47H,0.0
2119,DeviceInfo_TA-1027 Build/OPR1.170623.026,0.0
2120,DeviceInfo_TA-1028 Build/NMF26O,0.0
2121,DeviceInfo_TA-1028 Build/NRD90M,0.0
2122,DeviceInfo_TA-1038,0.0
2123,DeviceInfo_TA-1038 Build/NMF26O,0.0
2124,DeviceInfo_TA-1039 Build/N2G47H,0.0
2125,DeviceInfo_TA-1039 Build/NMF26F,0.0
2126,DeviceInfo_TA-1044,0.0
2127,DeviceInfo_TA-1044 Build/NMF26F,0.0
2128,DeviceInfo_TA-1044 Build/OPR1.170623.026,0.0
2129,DeviceInfo_TA-1052,0.0
2130,DeviceInfo_TAB7,0.0
2131,DeviceInfo_TOMMY2,0.0
2132,DeviceInfo_TR10CS1 Build/JDQ39,0.0
2133,DeviceInfo_TREKKER-M1,0.0
2134,DeviceInfo_TREKKER-X3 Build/MMB29M,0.0
2135,DeviceInfo_TRT-L53 Build/HUAWEITRT-L53,0.0
2136,DeviceInfo_TRT-LX3,0.0
2137,DeviceInfo_Tab2A7-10F,0.0
2138,DeviceInfo_Tmovi Build/Vision,0.0
2139,DeviceInfo_Tornado,0.0
2140,DeviceInfo_Touch,0.0
2141,DeviceInfo_Trident/7.0,0.0
2142,DeviceInfo_Turbo C5 Build/LMY47I,0.0
2143,DeviceInfo_U,0.0
2144,DeviceInfo_U FEEL LITE Build/MRA58K,0.0
2145,DeviceInfo_V.40R,0.0
2146,DeviceInfo_VFD,0.0
2147,DeviceInfo_VK700 Build/LRX22G,0.0
2148,DeviceInfo_VK810,0.0
2149,DeviceInfo_VK815,0.0
2150,DeviceInfo_VKY-L09 Build/HUAWEIVKY-L09,0.0
2151,DeviceInfo_VS425PP Build/LMY47V,0.0
2152,DeviceInfo_VS500,0.0
2153,DeviceInfo_VS501 Build/NRD90U,0.0
2154,DeviceInfo_VS5012 Build/NRD90M,0.0
2155,DeviceInfo_VS820,0.0
2156,DeviceInfo_VS835,0.0
2157,DeviceInfo_VS880,0.0
2158,DeviceInfo_VS880PP,0.0
2159,DeviceInfo_VS985,0.0
2160,DeviceInfo_VS986 Build/MRA58K,0.0
2161,DeviceInfo_VS987 Build/NRD90U,0.0
2162,DeviceInfo_VS988 Build/NRD90U,0.0
2163,DeviceInfo_VS990 Build/MRA58K,0.0
2164,DeviceInfo_VS995 Build/NRD90M,0.0
2165,DeviceInfo_VS996,0.0
2166,DeviceInfo_VS996 Build/OPR1.170623.026,0.0
2167,DeviceInfo_VT0701A08,0.0
2168,DeviceInfo_VTR-AL00 Build/HUAWEIVTR-AL00,0.0
2169,DeviceInfo_VTR-L09 Build/HUAWEIVTR-L09,0.0
2170,DeviceInfo_VTR-L29,0.0
2171,DeviceInfo_Venue,0.0
2172,DeviceInfo_VerykoolS5030,0.0
2173,DeviceInfo_Vivo,0.0
2174,DeviceInfo_WAS-L03T Build/HUAWEIWAS-L03T,0.0
2175,DeviceInfo_WAS-LX1A Build/HUAWEIWAS-LX1A,0.0
2176,DeviceInfo_WAS-LX3 Build/HUAWEIWAS-LX3,0.0
2177,DeviceInfo_WAS-TL10 Build/HUAWEIWAS-TL10,0.0
2178,DeviceInfo_WOW64,0.0
2179,DeviceInfo_Wileyfox,0.0
2180,DeviceInfo_Win64,0.0
2181,DeviceInfo_Windows,0.0
2182,DeviceInfo_Windows NT 6.1,0.0
2183,DeviceInfo_Windows NT 6.2,0.0
2184,DeviceInfo_X10,0.0
2185,DeviceInfo_X3402,0.0
2186,DeviceInfo_X900+,0.0
2187,DeviceInfo_XT1003,0.0
2188,DeviceInfo_XT1008,0.0
2189,DeviceInfo_XT1008 Build/LPBS23.13-56-2,0.0
2190,DeviceInfo_XT1021,0.0
2191,DeviceInfo_XT1021 Build/KXC21.5-40,0.0
2192,DeviceInfo_XT1021 Build/LPCS23.13-34.8-3,0.0
2193,DeviceInfo_XT1023,0.0
2194,DeviceInfo_XT1030 Build/SU6-7.7,0.0
2195,DeviceInfo_XT1031,0.0
2196,DeviceInfo_XT1032,0.0
2197,DeviceInfo_XT1032 Build/KXB20.9-1.10-1.24-1.1,0.0
2198,DeviceInfo_XT1032 Build/KXB21.14-L1.40,0.0
2199,DeviceInfo_XT1032 Build/LPBS23.13-56-2,0.0
2200,DeviceInfo_XT1032 Build/LPBS23.13-57-2,0.0
2201,DeviceInfo_XT1033,0.0
2202,DeviceInfo_XT1040,0.0
2203,DeviceInfo_XT1053 Build/LPAS23.12-21.7-1,0.0
2204,DeviceInfo_XT1055,0.0
2205,DeviceInfo_XT1058,0.0
2206,DeviceInfo_XT1058 Build/LPAS23.12-21.7-1,0.0
2207,DeviceInfo_XT1060,0.0
2208,DeviceInfo_XT1063,0.0
2209,DeviceInfo_XT1063 Build/MPB24.65-34,0.0
2210,DeviceInfo_XT1063 Build/MPB24.65-34-3,0.0
2211,DeviceInfo_XT1064,0.0
2212,DeviceInfo_XT1064 Build/MPB24.65-34-3,0.0
2213,DeviceInfo_XT1068,0.0
2214,DeviceInfo_XT1072,0.0
2215,DeviceInfo_XT1080,0.0
2216,DeviceInfo_XT1080 Build/SU6-7.7,0.0
2217,DeviceInfo_XT1092,0.0
2218,DeviceInfo_XT1094,0.0
2219,DeviceInfo_XT1095,0.0
2220,DeviceInfo_XT1096,0.0
2221,DeviceInfo_XT1097,0.0
2222,DeviceInfo_XT1254,0.0
2223,DeviceInfo_XT1254 Build/MCG24.251-5-5,0.0
2224,DeviceInfo_XT1528,0.0
2225,DeviceInfo_XT1563,0.0
2226,DeviceInfo_XT1563 Build/MPD24.107-52,0.0
2227,DeviceInfo_XT1563 Build/MPDS24.107-52-5,0.0
2228,DeviceInfo_XT1565,0.0
2229,DeviceInfo_XT1572 Build/NPHS25.200-15-8,0.0
2230,DeviceInfo_XT1575,0.0
2231,DeviceInfo_XT1575 Build/NPHS25.200-23-1,0.0
2232,DeviceInfo_XT1580,0.0
2233,DeviceInfo_XT1580 Build/NPKS25.200-12-9,0.0
2234,DeviceInfo_XT1580 Build/NPKS25.200-17-8,0.0
2235,DeviceInfo_XT1585 Build/NCK25.118-10.5,0.0
2236,DeviceInfo_XT1609,0.0
2237,DeviceInfo_XT1609 Build/MPIS24.241-2.35-1-17,0.0
2238,DeviceInfo_XT1635-01,0.0
2239,DeviceInfo_XT1635-01 Build/NDNS26.118-23-12-3,0.0
2240,DeviceInfo_XT1635-02,0.0
2241,DeviceInfo_XT1635-02 Build/NPN26.118-22-2,0.0
2242,DeviceInfo_XT1650,0.0
2243,DeviceInfo_XT1650 Build/NCLS26.118-23-13-3,0.0
2244,DeviceInfo_XT1650 Build/NCLS26.118-23-13-6-5,0.0
2245,DeviceInfo_XT1650 Build/NPLS26.118-20-5-11,0.0
2246,DeviceInfo_XT1650 Build/NPLS26.118-20-5-3,0.0
2247,DeviceInfo_XT1680,0.0
2248,DeviceInfo_XT1710-02,0.0
2249,DeviceInfo_XT1710-02 Build/NDSS26.118-23-15,0.0
2250,DeviceInfo_XT890 Build/9.8.2I-50_SML-25,0.0
2251,DeviceInfo_Y635-L03 Build/HuaweiY635-L03,0.0
2252,DeviceInfo_YOGA,0.0
2253,DeviceInfo_Z2,0.0
2254,DeviceInfo_Z410,0.0
2255,DeviceInfo_Z798BL Build/MMB29M,0.0
2256,DeviceInfo_Z799VL,0.0
2257,DeviceInfo_Z813 Build/LMY47O,0.0
2258,DeviceInfo_Z831,0.0
2259,DeviceInfo_Z832 Build/MMB29M,0.0
2260,DeviceInfo_Z833,0.0
2261,DeviceInfo_Z835 Build/NMF26V,0.0
2262,DeviceInfo_Z836BL,0.0
2263,DeviceInfo_Z837VL,0.0
2264,DeviceInfo_Z839,0.0
2265,DeviceInfo_Z9 PLUS Build/NRD90M,0.0
2266,DeviceInfo_Z956 Build/MMB29M,0.0
2267,DeviceInfo_Z959 Build/LMY47V,0.0
2268,DeviceInfo_Z963VL,0.0
2269,DeviceInfo_Z970,0.0
2270,DeviceInfo_Z971,0.0
2271,DeviceInfo_Z981 Build/MMB29M,0.0
2272,DeviceInfo_Z982 Build/NMF26V,0.0
2273,DeviceInfo_Z983 Build/NMF26F,0.0
2274,DeviceInfo_ZA409,0.0
2275,DeviceInfo_ZEIA8,0.0
2276,DeviceInfo_ZTE,0.0
2277,DeviceInfo_ZTE A2017U Build/NRD90M,0.0
2278,DeviceInfo_ZTE BLADE A321 Build/NMF26F,0.0
2279,DeviceInfo_ZTE BLADE A512 Build/MMB29M,0.0
2280,DeviceInfo_ZTE BLADE V8 MINI Build/NRD90M,0.0
2281,DeviceInfo_ZTE Blade A511 Build/MRA58K,0.0
2282,DeviceInfo_ZTE Blade L5 Build/LMY47I,0.0
2283,DeviceInfo_ZTE-Z835,0.0
2284,DeviceInfo_ZTE-Z956,0.0
2285,DeviceInfo_ZUR70016,0.0
2286,DeviceInfo_ZUUM_ZEN_I Build/LRX21M,0.0
2287,DeviceInfo_en-gb,0.0
2288,DeviceInfo_en-us,0.0
2289,DeviceInfo_es-mx,0.0
2290,DeviceInfo_es-us,0.0
2291,DeviceInfo_gxq6580_weg_l Build/LMY47I,0.0
2292,DeviceInfo_hi6210sft Build/MRA58K,0.0
2293,DeviceInfo_hp2015,0.0
2294,DeviceInfo_iOS Device,0.0
2295,DeviceInfo_iPhone,0.0
2296,DeviceInfo_iris 820 Build/MRA58K,0.0
2297,DeviceInfo_iris 870 Build/MRA58K,0.0
2298,DeviceInfo_iris702,0.0
2299,DeviceInfo_iris80,0.0
2300,DeviceInfo_m3,0.0
2301,DeviceInfo_moto,0.0
2302,DeviceInfo_moto x4 Build/NPW26.83-18-2-0-4,0.0
2303,DeviceInfo_moto x4 Build/NPW26.83-42,0.0
2304,DeviceInfo_moto x4 Build/OPW27.57-40,0.0
2305,DeviceInfo_moto x4 Build/OPWS27.57-40-6,0.0
2306,DeviceInfo_orbis,0.0
2307,DeviceInfo_rv:11.0,0.0
2308,DeviceInfo_rv:14.0,0.0
2309,DeviceInfo_rv:29.0,0.0
2310,DeviceInfo_rv:31.0,0.0
2311,DeviceInfo_rv:35.0,0.0
2312,DeviceInfo_rv:37.0,0.0
2313,DeviceInfo_rv:38.0,0.0
2314,DeviceInfo_rv:39.0,0.0
2315,DeviceInfo_rv:41.0,0.0
2316,DeviceInfo_rv:42.0,0.0
2317,DeviceInfo_rv:43.0,0.0
2318,DeviceInfo_rv:44.0,0.0
2319,DeviceInfo_rv:45.0,0.0
2320,DeviceInfo_rv:46.0,0.0
2321,DeviceInfo_rv:47.0,0.0
2322,DeviceInfo_rv:48.0,0.0
2323,DeviceInfo_rv:49.0,0.0
2324,DeviceInfo_rv:50.0,0.0
2325,DeviceInfo_rv:51.0,0.0
2326,DeviceInfo_rv:52.0,0.0
2327,DeviceInfo_rv:52.9,0.0
2328,DeviceInfo_rv:53.0,0.0
2329,DeviceInfo_rv:54.0,0.0
2330,DeviceInfo_rv:55.0,0.0
2331,DeviceInfo_rv:56.0,0.0
2332,DeviceInfo_rv:57.0,0.0
2333,DeviceInfo_rv:58.0,0.0
2334,DeviceInfo_rv:59.0,0.0
2335,DeviceInfo_rv:60.0,0.0
2336,DeviceInfo_verykool,0.0
2337,DeviceInfo_verykoolS5019,0.0
2338,DeviceInfo_verykoolS5525,0.0
2339,DeviceInfo_verykools4009,0.0
2340,DeviceInfo_verykools5004,0.0
2341,DeviceInfo_verykools5034,0.0
2342,DeviceInfo_verykools5035,0.0
2343,DeviceInfo_xs-Z47b7VqTMxs,0.0
2344,DeviceInfo_None,0.0
2345,DeviceType_desktop,0.0
2346,DeviceType_mobile,0.0
2347,DeviceType_None,0.0
2348,M1_F,0.0
2349,M1_T,0.0
2350,M1_None,0.0
2351,M2_F,0.0
2352,M2_T,0.0
2353,M2_None,0.0
2354,M3_F,0.0
2355,M3_T,0.0
2356,M3_None,0.0
2357,M4_M0,0.0
2358,M4_M1,0.0
2359,M4_M2,0.0
2360,M4_None,0.0
2361,M5_F,0.0
2362,M5_T,0.0
2363,M5_None,0.0
2364,M6_F,0.0
2365,M6_T,0.0
2366,M6_None,0.0
2367,M7_F,0.0
2368,M7_T,0.0
2369,M7_None,0.0
2370,M8_F,0.0
2371,M8_T,0.0
2372,M8_None,0.0
2373,M9_F,0.0
2374,M9_T,0.0
2375,M9_None,0.0
2376,P_emaildomain_aim.com,0.0
2377,P_emaildomain_anonymous.com,0.0
2378,P_emaildomain_aol.com,0.0
2379,P_emaildomain_att.net,0.0
2380,P_emaildomain_bellsouth.net,0.0
2381,P_emaildomain_cableone.net,0.0
2382,P_emaildomain_centurylink.net,0.0
2383,P_emaildomain_cfl.rr.com,0.0
2384,P_emaildomain_charter.net,0.0
2385,P_emaildomain_comcast.net,0.0
2386,P_emaildomain_cox.net,0.0
2387,P_emaildomain_earthlink.net,0.0
2388,P_emaildomain_embarqmail.com,0.0
2389,P_emaildomain_frontier.com,0.0
2390,P_emaildomain_frontiernet.net,0.0
2391,P_emaildomain_gmail,0.0
2392,P_emaildomain_gmail.com,0.0
2393,P_emaildomain_gmx.de,0.0
2394,P_emaildomain_hotmail.co.uk,0.0
2395,P_emaildomain_hotmail.com,0.0
2396,P_emaildomain_hotmail.de,0.0
2397,P_emaildomain_hotmail.es,0.0
2398,P_emaildomain_hotmail.fr,0.0
2399,P_emaildomain_icloud.com,0.0
2400,P_emaildomain_juno.com,0.0
2401,P_emaildomain_live.com,0.0
2402,P_emaildomain_live.com.mx,0.0
2403,P_emaildomain_live.fr,0.0
2404,P_emaildomain_mac.com,0.0
2405,P_emaildomain_mail.com,0.0
2406,P_emaildomain_me.com,0.0
2407,P_emaildomain_msn.com,0.0
2408,P_emaildomain_netzero.com,0.0
2409,P_emaildomain_netzero.net,0.0
2410,P_emaildomain_optonline.net,0.0
2411,P_emaildomain_outlook.com,0.0
2412,P_emaildomain_outlook.es,0.0
2413,P_emaildomain_prodigy.net.mx,0.0
2414,P_emaildomain_protonmail.com,0.0
2415,P_emaildomain_ptd.net,0.0
2416,P_emaildomain_q.com,0.0
2417,P_emaildomain_roadrunner.com,0.0
2418,P_emaildomain_rocketmail.com,0.0
2419,P_emaildomain_sbcglobal.net,0.0
2420,P_emaildomain_sc.rr.com,0.0
2421,P_emaildomain_servicios-ta.com,0.0
2422,P_emaildomain_suddenlink.net,0.0
2423,P_emaildomain_twc.com,0.0
2424,P_emaildomain_verizon.net,0.0
2425,P_emaildomain_web.de,0.0
2426,P_emaildomain_windstream.net,0.0
2427,P_emaildomain_yahoo.co.jp,0.0
2428,P_emaildomain_yahoo.co.uk,0.0
2429,P_emaildomain_yahoo.com,0.0
2430,P_emaildomain_yahoo.com.mx,0.0
2431,P_emaildomain_yahoo.de,0.0
2432,P_emaildomain_yahoo.es,0.0
2433,P_emaildomain_yahoo.fr,0.0
2434,P_emaildomain_ymail.com,0.0
2435,P_emaildomain_None,0.0
2436,ProductCD_C,0.0
2437,ProductCD_H,0.0
2438,ProductCD_R,0.0
2439,ProductCD_S,0.0
2440,ProductCD_W,0.0
2441,R_emaildomain_aim.com,0.0
2442,R_emaildomain_anonymous.com,0.0
2443,R_emaildomain_aol.com,0.0
2444,R_emaildomain_att.net,0.0
2445,R_emaildomain_bellsouth.net,0.0
2446,R_emaildomain_cableone.net,0.0
2447,R_emaildomain_centurylink.net,0.0
2448,R_emaildomain_cfl.rr.com,0.0
2449,R_emaildomain_charter.net,0.0
2450,R_emaildomain_comcast.net,0.0
2451,R_emaildomain_cox.net,0.0
2452,R_emaildomain_earthlink.net,0.0
2453,R_emaildomain_embarqmail.com,0.0
2454,R_emaildomain_frontier.com,0.0
2455,R_emaildomain_frontiernet.net,0.0
2456,R_emaildomain_gmail,0.0
2457,R_emaildomain_gmail.com,0.0
2458,R_emaildomain_gmx.de,0.0
2459,R_emaildomain_hotmail.co.uk,0.0
2460,R_emaildomain_hotmail.com,0.0
2461,R_emaildomain_hotmail.de,0.0
2462,R_emaildomain_hotmail.es,0.0
2463,R_emaildomain_hotmail.fr,0.0
2464,R_emaildomain_icloud.com,0.0
2465,R_emaildomain_juno.com,0.0
2466,R_emaildomain_live.com,0.0
2467,R_emaildomain_live.com.mx,0.0
2468,R_emaildomain_live.fr,0.0
2469,R_emaildomain_mac.com,0.0
2470,R_emaildomain_mail.com,0.0
2471,R_emaildomain_me.com,0.0
2472,R_emaildomain_msn.com,0.0
2473,R_emaildomain_netzero.com,0.0
2474,R_emaildomain_netzero.net,0.0
2475,R_emaildomain_optonline.net,0.0
2476,R_emaildomain_outlook.com,0.0
2477,R_emaildomain_outlook.es,0.0
2478,R_emaildomain_prodigy.net.mx,0.0
2479,R_emaildomain_protonmail.com,0.0
2480,R_emaildomain_ptd.net,0.0
2481,R_emaildomain_q.com,0.0
2482,R_emaildomain_roadrunner.com,0.0
2483,R_emaildomain_rocketmail.com,0.0
2484,R_emaildomain_sbcglobal.net,0.0
2485,R_emaildomain_sc.rr.com,0.0
2486,R_emaildomain_scranton.edu,0.0
2487,R_emaildomain_servicios-ta.com,0.0
2488,R_emaildomain_suddenlink.net,0.0
2489,R_emaildomain_twc.com,0.0
2490,R_emaildomain_verizon.net,0.0
2491,R_emaildomain_web.de,0.0
2492,R_emaildomain_windstream.net,0.0
2493,R_emaildomain_yahoo.co.jp,0.0
2494,R_emaildomain_yahoo.co.uk,0.0
2495,R_emaildomain_yahoo.com,0.0
2496,R_emaildomain_yahoo.com.mx,0.0
2497,R_emaildomain_yahoo.de,0.0
2498,R_emaildomain_yahoo.es,0.0
2499,R_emaildomain_yahoo.fr,0.0
2500,R_emaildomain_ymail.com,0.0
2501,R_emaildomain_None,0.0
2502,card4_american express,0.0
2503,card4_discover,0.0
2504,card4_mastercard,0.0
2505,card4_visa,0.0
2506,card4_None,0.0
2507,card6_charge card,0.0
2508,card6_credit,0.0
2509,card6_debit,0.0
2510,card6_debit or credit,0.0
2511,card6_None,0.0
2512,id_12_Found,0.0
2513,id_12_NotFound,0.0
2514,id_12_None,0.0
2515,id_15_Found,0.0
2516,id_15_New,0.0
2517,id_15_Unknown,0.0
2518,id_15_None,0.0
2519,id_16_Found,0.0
2520,id_16_NotFound,0.0
2521,id_16_None,0.0
2522,id_28_Found,0.0
2523,id_28_New,0.0
2524,id_28_None,0.0
2525,id_29_Found,0.0
2526,id_29_NotFound,0.0
2527,id_29_None,0.0
2528,id_30_Android,0.0
2529,id_30_Android 4.4.2,0.0
2530,id_30_Android 5.0,0.0
2531,id_30_Android 5.0.2,0.0
2532,id_30_Android 5.1.1,0.0
2533,id_30_Android 6.0,0.0
2534,id_30_Android 6.0.1,0.0
2535,id_30_Android 7.0,0.0
2536,id_30_Android 7.1.1,0.0
2537,id_30_Android 7.1.2,0.0
2538,id_30_Android 8.0.0,0.0
2539,id_30_Android 8.1.0,0.0
2540,id_30_Linux,0.0
2541,id_30_Mac,0.0
2542,id_30_Mac OS X 10.10,0.0
2543,id_30_Mac OS X 10.11,0.0
2544,id_30_Mac OS X 10.12,0.0
2545,id_30_Mac OS X 10.13,0.0
2546,id_30_Mac OS X 10.6,0.0
2547,id_30_Mac OS X 10.9,0.0
2548,id_30_Mac OS X 10_10_5,0.0
2549,id_30_Mac OS X 10_11_3,0.0
2550,id_30_Mac OS X 10_11_4,0.0
2551,id_30_Mac OS X 10_11_5,0.0
2552,id_30_Mac OS X 10_11_6,0.0
2553,id_30_Mac OS X 10_12,0.0
2554,id_30_Mac OS X 10_12_1,0.0
2555,id_30_Mac OS X 10_12_2,0.0
2556,id_30_Mac OS X 10_12_3,0.0
2557,id_30_Mac OS X 10_12_4,0.0
2558,id_30_Mac OS X 10_12_5,0.0
2559,id_30_Mac OS X 10_12_6,0.0
2560,id_30_Mac OS X 10_13_1,0.0
2561,id_30_Mac OS X 10_13_2,0.0
2562,id_30_Mac OS X 10_13_3,0.0
2563,id_30_Mac OS X 10_13_4,0.0
2564,id_30_Mac OS X 10_6_8,0.0
2565,id_30_Mac OS X 10_7_5,0.0
2566,id_30_Mac OS X 10_8_5,0.0
2567,id_30_Mac OS X 10_9_5,0.0
2568,id_30_Windows,0.0
2569,id_30_Windows 10,0.0
2570,id_30_Windows 7,0.0
2571,id_30_Windows 8,0.0
2572,id_30_Windows 8.1,0.0
2573,id_30_Windows Vista,0.0
2574,id_30_Windows XP,0.0
2575,id_30_func,0.0
2576,id_30_iOS,0.0
2577,id_30_iOS 10.0.2,0.0
2578,id_30_iOS 10.1.1,0.0
2579,id_30_iOS 10.2.0,0.0
2580,id_30_iOS 10.2.1,0.0
2581,id_30_iOS 10.3.1,0.0
2582,id_30_iOS 10.3.2,0.0
2583,id_30_iOS 10.3.3,0.0
2584,id_30_iOS 11.0.0,0.0
2585,id_30_iOS 11.0.1,0.0
2586,id_30_iOS 11.0.2,0.0
2587,id_30_iOS 11.0.3,0.0
2588,id_30_iOS 11.1.0,0.0
2589,id_30_iOS 11.1.1,0.0
2590,id_30_iOS 11.1.2,0.0
2591,id_30_iOS 11.2.0,0.0
2592,id_30_iOS 11.2.1,0.0
2593,id_30_iOS 11.2.2,0.0
2594,id_30_iOS 11.2.5,0.0
2595,id_30_iOS 11.2.6,0.0
2596,id_30_iOS 11.3.0,0.0
2597,id_30_iOS 9.3.5,0.0
2598,id_30_other,0.0
2599,id_30_None,0.0
2600,id_31_BLU/Dash,0.0
2601,id_31_Generic/Android,0.0
2602,id_31_Generic/Android 7.0,0.0
2603,id_31_Inco/Minion,0.0
2604,id_31_LG/K-200,0.0
2605,id_31_Lanix/Ilium,0.0
2606,id_31_M4Tel/M4,0.0
2607,id_31_Microsoft/Windows,0.0
2608,id_31_Mozilla/Firefox,0.0
2609,id_31_Nokia/Lumia,0.0
2610,id_31_Samsung/SCH,0.0
2611,id_31_Samsung/SM-G531H,0.0
2612,id_31_Samsung/SM-G532M,0.0
2613,id_31_ZTE/Blade,0.0
2614,id_31_android browser 4.0,0.0
2615,id_31_android webview 4.0,0.0
2616,id_31_aol,0.0
2617,id_31_chrome,0.0
2618,id_31_chrome 43.0 for android,0.0
2619,id_31_chrome 46.0 for android,0.0
2620,id_31_chrome 49.0,0.0
2621,id_31_chrome 49.0 for android,0.0
2622,id_31_chrome 50.0 for android,0.0
2623,id_31_chrome 51.0,0.0
2624,id_31_chrome 51.0 for android,0.0
2625,id_31_chrome 52.0 for android,0.0
2626,id_31_chrome 53.0 for android,0.0
2627,id_31_chrome 54.0 for android,0.0
2628,id_31_chrome 55.0,0.0
2629,id_31_chrome 55.0 for android,0.0
2630,id_31_chrome 56.0,0.0
2631,id_31_chrome 56.0 for android,0.0
2632,id_31_chrome 57.0,0.0
2633,id_31_chrome 57.0 for android,0.0
2634,id_31_chrome 58.0,0.0
2635,id_31_chrome 58.0 for android,0.0
2636,id_31_chrome 59.0,0.0
2637,id_31_chrome 59.0 for android,0.0
2638,id_31_chrome 60.0,0.0
2639,id_31_chrome 60.0 for android,0.0
2640,id_31_chrome 61.0,0.0
2641,id_31_chrome 61.0 for android,0.0
2642,id_31_chrome 62.0,0.0
2643,id_31_chrome 62.0 for android,0.0
2644,id_31_chrome 62.0 for ios,0.0
2645,id_31_chrome 63.0,0.0
2646,id_31_chrome 63.0 for android,0.0
2647,id_31_chrome 63.0 for ios,0.0
2648,id_31_chrome 64.0,0.0
2649,id_31_chrome 64.0 for android,0.0
2650,id_31_chrome 64.0 for ios,0.0
2651,id_31_chrome 65.0,0.0
2652,id_31_chrome 65.0 for android,0.0
2653,id_31_chrome 65.0 for ios,0.0
2654,id_31_chrome generic,0.0
2655,id_31_chrome generic for android,0.0
2656,id_31_chromium,0.0
2657,id_31_comodo,0.0
2658,id_31_cyberfox,0.0
2659,id_31_edge,0.0
2660,id_31_edge 13.0,0.0
2661,id_31_edge 14.0,0.0
2662,id_31_edge 15.0,0.0
2663,id_31_edge 16.0,0.0
2664,id_31_firefox,0.0
2665,id_31_firefox 47.0,0.0
2666,id_31_firefox 48.0,0.0
2667,id_31_firefox 52.0,0.0
2668,id_31_firefox 55.0,0.0
2669,id_31_firefox 56.0,0.0
2670,id_31_firefox 57.0,0.0
2671,id_31_firefox 58.0,0.0
2672,id_31_firefox 59.0,0.0
2673,id_31_firefox generic,0.0
2674,id_31_ie,0.0
2675,id_31_ie 11.0 for desktop,0.0
2676,id_31_ie 11.0 for tablet,0.0
2677,id_31_iron,0.0
2678,id_31_line,0.0
2679,id_31_maxthon,0.0
2680,id_31_mobile,0.0
2681,id_31_mobile safari 10.0,0.0
2682,id_31_mobile safari 11.0,0.0
2683,id_31_mobile safari 8.0,0.0
2684,id_31_mobile safari 9.0,0.0
2685,id_31_mobile safari generic,0.0
2686,id_31_mobile safari uiwebview,0.0
2687,id_31_opera,0.0
2688,id_31_opera 49.0,0.0
2689,id_31_opera 51.0,0.0
2690,id_31_opera generic,0.0
2691,id_31_other,0.0
2692,id_31_palemoon,0.0
2693,id_31_puffin,0.0
2694,id_31_safari,0.0
2695,id_31_safari generic,0.0
2696,id_31_samsung,0.0
2697,id_31_samsung browser 4.0,0.0
2698,id_31_samsung browser 4.2,0.0
2699,id_31_samsung browser 5.2,0.0
2700,id_31_samsung browser 5.4,0.0
2701,id_31_samsung browser 6.2,0.0
2702,id_31_samsung browser 6.4,0.0
2703,id_31_samsung browser 7.0,0.0
2704,id_31_samsung browser generic,0.0
2705,id_31_seamonkey,0.0
2706,id_31_silk,0.0
2707,id_31_waterfox,0.0
2708,id_31_None,0.0
2709,id_33_0x0,0.0
2710,id_33_1024x600,0.0
2711,id_33_1024x640,0.0
2712,id_33_1024x768,0.0
2713,id_33_1062x630,0.0
2714,id_33_1093x615,0.0
2715,id_33_1120x700,0.0
2716,id_33_1136x640,0.0
2717,id_33_1138x640,0.0
2718,id_33_1152x648,0.0
2719,id_33_1152x720,0.0
2720,id_33_1152x864,0.0
2721,id_33_1184x720,0.0
2722,id_33_1188x720,0.0
2723,id_33_1200x675,0.0
2724,id_33_1200x720,0.0
2725,id_33_1232x800,0.0
2726,id_33_1239x697,0.0
2727,id_33_1264x924,0.0
2728,id_33_1279x1023,0.0
2729,id_33_1280x1023,0.0
2730,id_33_1280x1024,0.0
2731,id_33_1280x1025,0.0
2732,id_33_1280x600,0.0
2733,id_33_1280x620,0.0
2734,id_33_1280x712,0.0
2735,id_33_1280x720,0.0
2736,id_33_1280x768,0.0
2737,id_33_1280x800,0.0
2738,id_33_1280x960,0.0
2739,id_33_1281x720,0.0
2740,id_33_1281x721,0.0
2741,id_33_1281x801,0.0
2742,id_33_1296x774,0.0
2743,id_33_1334x750,0.0
2744,id_33_1344x756,0.0
2745,id_33_1344x840,0.0
2746,id_33_1356x900,0.0
2747,id_33_1360x768,0.0
2748,id_33_1364x768,0.0
2749,id_33_1365x768,0.0
2750,id_33_1366x1024,0.0
2751,id_33_1366x767,0.0
2752,id_33_1366x768,0.0
2753,id_33_1368x768,0.0
2754,id_33_1371x857,0.0
2755,id_33_1400x1050,0.0
2756,id_33_1400x900,0.0
2757,id_33_1408x880,0.0
2758,id_33_1422x889,0.0
2759,id_33_1440x720,0.0
2760,id_33_1440x759,0.0
2761,id_33_1440x800,0.0
2762,id_33_1440x803,0.0
2763,id_33_1440x810,0.0
2764,id_33_1440x900,0.0
2765,id_33_1440x960,0.0
2766,id_33_1441x901,0.0
2767,id_33_1480x720,0.0
2768,id_33_1512x945,0.0
2769,id_33_1536x1152,0.0
2770,id_33_1536x864,0.0
2771,id_33_1584x990,0.0
2772,id_33_1600x1000,0.0
2773,id_33_1600x1200,0.0
2774,id_33_1600x837,0.0
2775,id_33_1600x900,0.0
2776,id_33_1624x1080,0.0
2777,id_33_1638x922,0.0
2778,id_33_1658x946,0.0
2779,id_33_1679x1049,0.0
2780,id_33_1680x1049,0.0
2781,id_33_1680x1050,0.0
2782,id_33_1680x1051,0.0
2783,id_33_1680x945,0.0
2784,id_33_1684x947,0.0
2785,id_33_1700x960,0.0
2786,id_33_1720x1440,0.0
2787,id_33_1728x972,0.0
2788,id_33_1760x990,0.0
2789,id_33_1768x992,0.0
2790,id_33_1776x1000,0.0
2791,id_33_1776x1080,0.0
2792,id_33_1800x1125,0.0
2793,id_33_1805x1015,0.0
2794,id_33_1824x1026,0.0
2795,id_33_1848x1155,0.0
2796,id_33_1912x1025,0.0
2797,id_33_1919x1079,0.0
2798,id_33_1919x1080,0.0
2799,id_33_1919x1199,0.0
2800,id_33_1919x1200,0.0
2801,id_33_1920x1018,0.0
2802,id_33_1920x1079,0.0
2803,id_33_1920x1080,0.0
2804,id_33_1920x1200,0.0
2805,id_33_1920x1280,0.0
2806,id_33_1920x1281,0.0
2807,id_33_1920x975,0.0
2808,id_33_1921x1081,0.0
2809,id_33_2000x1125,0.0
2810,id_33_2001x1125,0.0
2811,id_33_2010x1080,0.0
2812,id_33_2048x1080,0.0
2813,id_33_2048x1152,0.0
2814,id_33_2048x1280,0.0
2815,id_33_2048x1536,0.0
2816,id_33_2049x1152,0.0
2817,id_33_2076x1080,0.0
2818,id_33_2112x1188,0.0
2819,id_33_2160x1215,0.0
2820,id_33_2160x1350,0.0
2821,id_33_2160x1440,0.0
2822,id_33_2208x1242,0.0
2823,id_33_2220x1080,0.0
2824,id_33_2220x1081,0.0
2825,id_33_2224x1668,0.0
2826,id_33_2304x1296,0.0
2827,id_33_2304x1440,0.0
2828,id_33_2368x1440,0.0
2829,id_33_2392x1440,0.0
2830,id_33_2400x1350,0.0
2831,id_33_2400x1600,0.0
2832,id_33_2436x1125,0.0
2833,id_33_2520x1575,0.0
2834,id_33_2552x1337,0.0
2835,id_33_2560x1080,0.0
2836,id_33_2560x1440,0.0
2837,id_33_2560x1600,0.0
2838,id_33_2560x1700,0.0
2839,id_33_2560x1800,0.0
2840,id_33_2562x1442,0.0
2841,id_33_2672x1440,0.0
2842,id_33_2700x1800,0.0
2843,id_33_2732x2048,0.0
2844,id_33_2735x1825,0.0
2845,id_33_2736x1824,0.0
2846,id_33_2800x1575,0.0
2847,id_33_2816x1584,0.0
2848,id_33_2816x1760,0.0
2849,id_33_2880x1440,0.0
2850,id_33_2880x1620,0.0
2851,id_33_2880x1800,0.0
2852,id_33_2960x1440,0.0
2853,id_33_2961x1440,0.0
2854,id_33_2961x1442,0.0
2855,id_33_3000x2000,0.0
2856,id_33_3072x1728,0.0
2857,id_33_3200x1800,0.0
2858,id_33_3200x2000,0.0
2859,id_33_3201x1800,0.0
2860,id_33_3240x2160,0.0
2861,id_33_3360x1050,0.0
2862,id_33_3360x1890,0.0
2863,id_33_3360x2100,0.0
2864,id_33_3440x1440,0.0
2865,id_33_3441x1440,0.0
2866,id_33_3520x1980,0.0
2867,id_33_3600x2250,0.0
2868,id_33_3840x1080,0.0
2869,id_33_3840x1600,0.0
2870,id_33_3840x2160,0.0
2871,id_33_3840x2400,0.0
2872,id_33_3843x2163,0.0
2873,id_33_4096x2304,0.0
2874,id_33_4500x3000,0.0
2875,id_33_5040x3150,0.0
2876,id_33_5120x2880,0.0
2877,id_33_5760x1080,0.0
2878,id_38_None,0.0
2879,id_34_match_status:1,0.0
2880,id_34_match_status:2,0.0
2881,id_34_None,0.0
2882,id_35_F,0.0
2883,id_35_T,0.0
2884,id_35_None,0.0
2885,id_36_F,0.0
2886,id_36_T,0.0
2887,id_36_None,0.0
2888,id_37_F,0.0
2889,id_37_T,0.0
2890,id_37_None,0.0
2891,id_38_F,0.0
2892,id_38_T,0.0
2893,id_33_5760x3240,0.0
2894,id_33_600x450,0.0
2895,id_33_6016x3384,0.0
2896,id_33_6400x3600,0.0
2897,id_33_640x360,0.0
2898,id_33_6720x3780,0.0
2899,id_33_7500x5000,0.0
2900,id_33_768x576,0.0
2901,id_33_800x600,0.0
2902,id_33_801x480,0.0
2903,id_33_855x480,0.0
2904,id_33_960x540,0.0
2905,id_33_960x640,0.0
2906,id_33_976x600,0.0
2907,id_33_None,0.0
2908,V1,0.0
2909,id_34_match_status:0,0.0
